index,count,feature_value,['P00'],"['P1', 'P10', 'P12', 'P16']","['P1', 'P10', 'P12']","['P1', 'P10', 'P13']","['P1', 'P10']","['P1', 'P11']","['P1', 'P12', 'P13']","['P1', 'P12', 'P15']","['P1', 'P12', 'P16']","['P1', 'P12']","['P1', 'P13']","['P1', 'P16', 'P17']","['P1', 'P16']","['P1', 'P2', 'P4']","['P1', 'P2', 'P6', 'P8']","['P1', 'P2', 'P6']","['P1', 'P2', 'P7']","['P1', 'P2']","['P1', 'P3', 'P10']","['P1', 'P3', 'P12', 'P16']","['P1', 'P3', 'P12']","['P1', 'P3', 'P13']","['P1', 'P3', 'P4', 'P5', 'P10']","['P1', 'P3', 'P4', 'P5', 'P12']","['P1', 'P3', 'P4', 'P5', 'P6', 'P7', 'P8']","['P1', 'P3', 'P4', 'P5', 'P6', 'P7']","['P1', 'P3', 'P4', 'P5', 'P6']","['P1', 'P3', 'P4', 'P5', 'P7', 'P8']","['P1', 'P3', 'P4', 'P5', 'P7']","['P1', 'P3', 'P4', 'P5', 'P8']","['P1', 'P3', 'P4', 'P5']","['P1', 'P3', 'P4', 'P6', 'P7', 'P8']","['P1', 'P3', 'P4', 'P6', 'P7']","['P1', 'P3', 'P4', 'P6', 'P8', 'P10']","['P1', 'P3', 'P4', 'P6', 'P8', 'P9']","['P1', 'P3', 'P4', 'P6', 'P8']","['P1', 'P3', 'P4', 'P6']","['P1', 'P3', 'P4', 'P7', 'P8', 'P10']","['P1', 'P3', 'P4', 'P7', 'P8', 'P9']","['P1', 'P3', 'P4', 'P7', 'P8']","['P1', 'P3', 'P4', 'P7']","['P1', 'P3', 'P4', 'P8', 'P10']","['P1', 'P3', 'P4', 'P8', 'P12']","['P1', 'P3', 'P4', 'P8', 'P9']","['P1', 'P3', 'P4', 'P8']","['P1', 'P3', 'P4', 'P9']","['P1', 'P3', 'P4']","['P1', 'P3', 'P5', 'P6', 'P7', 'P8']","['P1', 'P3', 'P5', 'P6']","['P1', 'P3', 'P5', 'P8']","['P1', 'P3', 'P5']","['P1', 'P3', 'P6', 'P7', 'P8', 'P9']","['P1', 'P3', 'P6', 'P7', 'P8']","['P1', 'P3', 'P6', 'P7']","['P1', 'P3', 'P6', 'P8', 'P10']","['P1', 'P3', 'P6', 'P8', 'P9']","['P1', 'P3', 'P6', 'P8']","['P1', 'P3', 'P6']","['P1', 'P3', 'P7', 'P8', 'P10']","['P1', 'P3', 'P7', 'P8', 'P12']","['P1', 'P3', 'P7', 'P8', 'P9']","['P1', 'P3', 'P7', 'P8']","['P1', 'P3', 'P7']","['P1', 'P3', 'P8', 'P10', 'P12']","['P1', 'P3', 'P8', 'P10']","['P1', 'P3', 'P8', 'P12']","['P1', 'P3', 'P8', 'P13']","['P1', 'P3', 'P8', 'P9', 'P10']","['P1', 'P3', 'P8', 'P9', 'P12']","['P1', 'P3', 'P8', 'P9']","['P1', 'P3', 'P8']","['P1', 'P3', 'P9']","['P1', 'P3']","['P1', 'P4', 'P10', 'P12']","['P1', 'P4', 'P10']","['P1', 'P4', 'P12', 'P13']","['P1', 'P4', 'P12']","['P1', 'P4', 'P5', 'P10']","['P1', 'P4', 'P5', 'P6', 'P7', 'P8']","['P1', 'P4', 'P5', 'P6', 'P7']","['P1', 'P4', 'P5', 'P6', 'P8', 'P9']","['P1', 'P4', 'P5', 'P6', 'P8']","['P1', 'P4', 'P5', 'P6', 'P9']","['P1', 'P4', 'P5', 'P6']","['P1', 'P4', 'P5', 'P7', 'P8', 'P10']","['P1', 'P4', 'P5', 'P7', 'P8']","['P1', 'P4', 'P5', 'P7']","['P1', 'P4', 'P5', 'P8', 'P10']","['P1', 'P4', 'P5', 'P8', 'P12']","['P1', 'P4', 'P5', 'P8', 'P9']","['P1', 'P4', 'P5', 'P8']","['P1', 'P4', 'P5', 'P9']","['P1', 'P4', 'P5']","['P1', 'P4', 'P6', 'P10']","['P1', 'P4', 'P6', 'P7', 'P8', 'P10']","['P1', 'P4', 'P6', 'P7', 'P8', 'P9']","['P1', 'P4', 'P6', 'P7', 'P8']","['P1', 'P4', 'P6', 'P7']","['P1', 'P4', 'P6', 'P8', 'P12']","['P1', 'P4', 'P6', 'P8']","['P1', 'P4', 'P6', 'P9']","['P1', 'P4', 'P6']","['P1', 'P4', 'P7', 'P8', 'P10']","['P1', 'P4', 'P7', 'P8', 'P9']","['P1', 'P4', 'P7', 'P8']","['P1', 'P4', 'P7']","['P1', 'P4', 'P8', 'P10', 'P12']","['P1', 'P4', 'P8', 'P10']","['P1', 'P4', 'P8', 'P12']","['P1', 'P4', 'P8', 'P9', 'P10']","['P1', 'P4', 'P8', 'P9', 'P12']","['P1', 'P4', 'P8', 'P9']","['P1', 'P4', 'P8']","['P1', 'P4', 'P9', 'P10']","['P1', 'P4', 'P9', 'P12']","['P1', 'P4', 'P9']","['P1', 'P4']","['P1', 'P5', 'P10', 'P12']","['P1', 'P5', 'P10']","['P1', 'P5', 'P12']","['P1', 'P5', 'P13']","['P1', 'P5', 'P16']","['P1', 'P5', 'P6', 'P7']","['P1', 'P5', 'P6', 'P8', 'P9']","['P1', 'P5', 'P6', 'P8']","['P1', 'P5', 'P6', 'P9']","['P1', 'P5', 'P6']","['P1', 'P5', 'P7', 'P8', 'P10']","['P1', 'P5', 'P7', 'P8', 'P9']","['P1', 'P5', 'P7', 'P8']","['P1', 'P5', 'P7']","['P1', 'P5', 'P8', 'P10', 'P12']","['P1', 'P5', 'P8', 'P10']","['P1', 'P5', 'P8', 'P9']","['P1', 'P5', 'P8']","['P1', 'P5', 'P9']","['P1', 'P5']","['P1', 'P6', 'P10']","['P1', 'P6', 'P12', 'P13']","['P1', 'P6', 'P12']","['P1', 'P6', 'P7', 'P8', 'P10']","['P1', 'P6', 'P7', 'P8', 'P12']","['P1', 'P6', 'P7', 'P8', 'P9']","['P1', 'P6', 'P7', 'P8']","['P1', 'P6', 'P7']","['P1', 'P6', 'P8', 'P10']","['P1', 'P6', 'P8', 'P12']","['P1', 'P6', 'P8', 'P9', 'P10']","['P1', 'P6', 'P8', 'P9']","['P1', 'P6', 'P8']","['P1', 'P6']","['P1', 'P7', 'P8', 'P10']","['P1', 'P7', 'P8', 'P12']","['P1', 'P7', 'P8', 'P9', 'P12']","['P1', 'P7', 'P8', 'P9']","['P1', 'P7', 'P8']","['P1', 'P7']","['P1', 'P8', 'P10', 'P12', 'P13']","['P1', 'P8', 'P10', 'P12']","['P1', 'P8', 'P10']","['P1', 'P8', 'P12', 'P13']","['P1', 'P8', 'P12', 'P15']","['P1', 'P8', 'P12', 'P16']","['P1', 'P8', 'P12']","['P1', 'P8', 'P13']","['P1', 'P8', 'P9', 'P10']","['P1', 'P8', 'P9', 'P12']","['P1', 'P8', 'P9']","['P1', 'P8']","['P1', 'P9', 'P10']","['P1', 'P9', 'P12']","['P1', 'P9']",['P1'],"['P10', 'P11']","['P10', 'P12', 'P13']","['P10', 'P12', 'P16']","['P10', 'P12']","['P10', 'P13']","['P10', 'P15']","['P10', 'P16']",['P10'],"['P11', 'P12']",['P11'],"['P12', 'P13', 'P17']","['P12', 'P13']","['P12', 'P15']","['P12', 'P16', 'P17']","['P12', 'P16']",['P12'],"['P13', 'P14']","['P13', 'P15']","['P13', 'P17', 'P18']","['P13', 'P17']","['P13', 'P18']",['P13'],['P14'],"['P15', 'P16']",['P15'],"['P16', 'P17']",['P16'],['P17'],"['P2', 'P10']","['P2', 'P12']","['P2', 'P3', 'P4', 'P6', 'P7']","['P2', 'P3', 'P4']","['P2', 'P3', 'P7']","['P2', 'P3']","['P2', 'P4', 'P5', 'P10']","['P2', 'P4', 'P6']","['P2', 'P4', 'P7']","['P2', 'P4', 'P8']","['P2', 'P4']","['P2', 'P5', 'P6', 'P8']","['P2', 'P5']","['P2', 'P6', 'P7', 'P8']","['P2', 'P6']","['P2', 'P7', 'P8']","['P2', 'P7']","['P2', 'P8', 'P10']","['P2', 'P8', 'P9']","['P2', 'P8']","['P2', 'P9', 'P10']",['P2'],['P20'],"['P3', 'P10', 'P12']","['P3', 'P10']","['P3', 'P11']","['P3', 'P12', 'P13']","['P3', 'P12']","['P3', 'P13']","['P3', 'P16']","['P3', 'P4', 'P10', 'P12', 'P16']","['P3', 'P4', 'P10']","['P3', 'P4', 'P12']","['P3', 'P4', 'P5', 'P10']","['P3', 'P4', 'P5', 'P6', 'P10', 'P12']","['P3', 'P4', 'P5', 'P6', 'P7', 'P8']","['P3', 'P4', 'P5', 'P6', 'P7']","['P3', 'P4', 'P5', 'P6', 'P8']","['P3', 'P4', 'P5', 'P6']","['P3', 'P4', 'P5', 'P7', 'P8', 'P9', 'P10']","['P3', 'P4', 'P5', 'P7', 'P8']","['P3', 'P4', 'P5', 'P7']","['P3', 'P4', 'P5', 'P8', 'P10']","['P3', 'P4', 'P5', 'P8', 'P9']","['P3', 'P4', 'P5', 'P8']","['P3', 'P4', 'P5', 'P9']","['P3', 'P4', 'P5']","['P3', 'P4', 'P6', 'P7', 'P8', 'P10']","['P3', 'P4', 'P6', 'P7', 'P8', 'P9', 'P10']","['P3', 'P4', 'P6', 'P7', 'P8']","['P3', 'P4', 'P6', 'P7']","['P3', 'P4', 'P6', 'P8', 'P10']","['P3', 'P4', 'P6', 'P8']","['P3', 'P4', 'P6']","['P3', 'P4', 'P7', 'P8', 'P10']","['P3', 'P4', 'P7', 'P8', 'P9']","['P3', 'P4', 'P7', 'P8']","['P3', 'P4', 'P7']","['P3', 'P4', 'P8', 'P10']","['P3', 'P4', 'P8', 'P12']","['P3', 'P4', 'P8', 'P9', 'P10']","['P3', 'P4', 'P8', 'P9']","['P3', 'P4', 'P8']","['P3', 'P4', 'P9']","['P3', 'P4']","['P3', 'P5', 'P6', 'P7']","['P3', 'P5', 'P6', 'P8']","['P3', 'P5', 'P6']","['P3', 'P5', 'P7', 'P8']","['P3', 'P5', 'P7']","['P3', 'P5', 'P8', 'P10']","['P3', 'P5', 'P8', 'P9', 'P12']","['P3', 'P5', 'P8', 'P9']","['P3', 'P5', 'P8']","['P3', 'P5', 'P9']","['P3', 'P5']","['P3', 'P6', 'P12']","['P3', 'P6', 'P7', 'P10']","['P3', 'P6', 'P7', 'P8', 'P10']","['P3', 'P6', 'P7', 'P8', 'P12']","['P3', 'P6', 'P7', 'P8', 'P9']","['P3', 'P6', 'P7', 'P8']","['P3', 'P6', 'P7']","['P3', 'P6', 'P8', 'P10', 'P12']","['P3', 'P6', 'P8', 'P10']","['P3', 'P6', 'P8', 'P12']","['P3', 'P6', 'P8', 'P9']","['P3', 'P6', 'P8']","['P3', 'P6']","['P3', 'P7', 'P12']","['P3', 'P7', 'P13']","['P3', 'P7', 'P8', 'P10']","['P3', 'P7', 'P8', 'P12']","['P3', 'P7', 'P8', 'P9']","['P3', 'P7', 'P8']","['P3', 'P7']","['P3', 'P8', 'P10', 'P12']","['P3', 'P8', 'P10']","['P3', 'P8', 'P12', 'P13']","['P3', 'P8', 'P12', 'P16']","['P3', 'P8', 'P12']","['P3', 'P8', 'P13']","['P3', 'P8', 'P9', 'P10']","['P3', 'P8', 'P9', 'P12']","['P3', 'P8', 'P9']","['P3', 'P8']","['P3', 'P9', 'P10', 'P12']","['P3', 'P9', 'P10']","['P3', 'P9', 'P12']","['P3', 'P9']",['P3'],"['P4', 'P10', 'P11']","['P4', 'P10', 'P12', 'P13']","['P4', 'P10', 'P12', 'P16']","['P4', 'P10', 'P12']","['P4', 'P10']","['P4', 'P11']","['P4', 'P12', 'P13']","['P4', 'P12', 'P16']","['P4', 'P12']","['P4', 'P13']","['P4', 'P16']","['P4', 'P5', 'P10', 'P12']","['P4', 'P5', 'P10']","['P4', 'P5', 'P12']","['P4', 'P5', 'P6', 'P10']","['P4', 'P5', 'P6', 'P7', 'P8']","['P4', 'P5', 'P6', 'P7']","['P4', 'P5', 'P6', 'P8', 'P10']","['P4', 'P5', 'P6', 'P8', 'P9']","['P4', 'P5', 'P6', 'P8']","['P4', 'P5', 'P6']","['P4', 'P5', 'P7', 'P8', 'P10']","['P4', 'P5', 'P7', 'P8', 'P9']","['P4', 'P5', 'P7', 'P8']","['P4', 'P5', 'P7']","['P4', 'P5', 'P8', 'P10', 'P12']","['P4', 'P5', 'P8', 'P10']","['P4', 'P5', 'P8', 'P12']","['P4', 'P5', 'P8', 'P9', 'P10']","['P4', 'P5', 'P8', 'P9']","['P4', 'P5', 'P8']","['P4', 'P5', 'P9', 'P10']","['P4', 'P5', 'P9']","['P4', 'P5']","['P4', 'P6', 'P10']","['P4', 'P6', 'P12']","['P4', 'P6', 'P7', 'P8', 'P10']","['P4', 'P6', 'P7', 'P8', 'P12']","['P4', 'P6', 'P7', 'P8', 'P9']","['P4', 'P6', 'P7', 'P8']","['P4', 'P6', 'P7']","['P4', 'P6', 'P8', 'P10']","['P4', 'P6', 'P8', 'P9', 'P10']","['P4', 'P6', 'P8', 'P9']","['P4', 'P6', 'P8']","['P4', 'P6']","['P4', 'P7', 'P12']","['P4', 'P7', 'P8', 'P10']","['P4', 'P7', 'P8', 'P12', 'P13']","['P4', 'P7', 'P8', 'P12']","['P4', 'P7', 'P8', 'P9', 'P10']","['P4', 'P7', 'P8', 'P9', 'P12']","['P4', 'P7', 'P8', 'P9']","['P4', 'P7', 'P8']","['P4', 'P7']","['P4', 'P8', 'P10', 'P11']","['P4', 'P8', 'P10', 'P12']","['P4', 'P8', 'P10']","['P4', 'P8', 'P12', 'P15']","['P4', 'P8', 'P12']","['P4', 'P8', 'P9', 'P10', 'P12']","['P4', 'P8', 'P9', 'P10']","['P4', 'P8', 'P9']","['P4', 'P8']","['P4', 'P9', 'P10', 'P12']","['P4', 'P9', 'P10']","['P4', 'P9', 'P12']","['P4', 'P9']",['P4'],"['P5', 'P10', 'P12']","['P5', 'P10', 'P13']","['P5', 'P10']","['P5', 'P11']","['P5', 'P12', 'P16']","['P5', 'P12']","['P5', 'P13']","['P5', 'P16']","['P5', 'P6', 'P7', 'P8']","['P5', 'P6', 'P7']","['P5', 'P6', 'P8', 'P10']","['P5', 'P6', 'P8']","['P5', 'P6']","['P5', 'P7', 'P8', 'P10']","['P5', 'P7', 'P8', 'P12']","['P5', 'P7', 'P8', 'P9']","['P5', 'P7', 'P8']","['P5', 'P7']","['P5', 'P8', 'P10', 'P12']","['P5', 'P8', 'P10']","['P5', 'P8', 'P12', 'P13']","['P5', 'P8', 'P12']","['P5', 'P8', 'P9', 'P10', 'P12']","['P5', 'P8', 'P9', 'P10']","['P5', 'P8', 'P9']","['P5', 'P8']","['P5', 'P9', 'P10']","['P5', 'P9']",['P5'],"['P6', 'P10']","['P6', 'P11']","['P6', 'P12', 'P13']","['P6', 'P12']","['P6', 'P13']","['P6', 'P16']","['P6', 'P7', 'P10']","['P6', 'P7', 'P12']","['P6', 'P7', 'P16']","['P6', 'P7', 'P8', 'P10', 'P12']","['P6', 'P7', 'P8', 'P10']","['P6', 'P7', 'P8', 'P12']","['P6', 'P7', 'P8', 'P9', 'P10']","['P6', 'P7', 'P8', 'P9', 'P12']","['P6', 'P7', 'P8', 'P9']","['P6', 'P7', 'P8']","['P6', 'P7', 'P9']","['P6', 'P7']","['P6', 'P8', 'P10', 'P12']","['P6', 'P8', 'P10']","['P6', 'P8', 'P12', 'P14']","['P6', 'P8', 'P12']","['P6', 'P8', 'P13']","['P6', 'P8', 'P9', 'P10']","['P6', 'P8', 'P9', 'P11']","['P6', 'P8', 'P9', 'P12']","['P6', 'P8', 'P9']","['P6', 'P8']","['P6', 'P9', 'P10', 'P12']","['P6', 'P9', 'P10']","['P6', 'P9', 'P12', 'P13']","['P6', 'P9']",['P6'],"['P7', 'P10']","['P7', 'P12']","['P7', 'P13']","['P7', 'P15']","['P7', 'P16']","['P7', 'P8', 'P10']","['P7', 'P8', 'P11']","['P7', 'P8', 'P12', 'P13']","['P7', 'P8', 'P12']","['P7', 'P8', 'P9', 'P10']","['P7', 'P8', 'P9', 'P12']","['P7', 'P8', 'P9']","['P7', 'P8']","['P7', 'P9', 'P10']","['P7', 'P9', 'P12']","['P7', 'P9']",['P7'],"['P8', 'P10', 'P11']","['P8', 'P10', 'P12', 'P15']","['P8', 'P10', 'P12']","['P8', 'P10', 'P13']","['P8', 'P10']","['P8', 'P11']","['P8', 'P12', 'P13']","['P8', 'P12', 'P14']","['P8', 'P12', 'P15']","['P8', 'P12', 'P16']","['P8', 'P12']","['P8', 'P13', 'P14']","['P8', 'P13', 'P15']","['P8', 'P13']","['P8', 'P14']","['P8', 'P15']","['P8', 'P16']","['P8', 'P9', 'P10', 'P12']","['P8', 'P9', 'P10']","['P8', 'P9', 'P11']","['P8', 'P9', 'P12', 'P13']","['P8', 'P9', 'P12', 'P16']","['P8', 'P9', 'P12']","['P8', 'P9', 'P16']","['P8', 'P9']",['P8'],"['P9', 'P10', 'P12']","['P9', 'P10']","['P9', 'P11']","['P9', 'P12', 'P13']","['P9', 'P12', 'P16']","['P9', 'P12']","['P9', 'P13']","['P9', 'P16']",['P9'],feature
28,2541,28,421.0,,3.0,,5.0,,,,,14.0,,,,,1.0,,,1.0,,,,,,,,1.0,,,,,,,,,,,1.0,,,,,,,1.0,,,3.0,,,,,,1.0,2.0,,,,,,,,,,,,,,,,,7.0,1.0,7.0,,,,,,1.0,,,,,,,1.0,,2.0,1.0,,,,2.0,,,,,,,,,1.0,,,,,,,,,,,2.0,,,,4.0,,1.0,,,,,,,,,,1.0,1.0,,,,,1.0,,1.0,1.0,,,,,,,,,,,1.0,1.0,9.0,,,,,,9.0,1.0,,4.0,,,,1.0,,,,4.0,28.0,,3.0,8.0,77.0,,2.0,,11.0,,,,75.0,1.0,10.0,,11.0,1.0,,6.0,255.0,,1.0,,,,82.0,,1.0,1.0,1.0,216.0,,,,,,,,,,1.0,,1.0,,,,,,,,,1.0,1.0,6.0,,,2.0,,,10.0,,,,,,,,,,,,,,,,,,,1.0,,1.0,,,1.0,1.0,1.0,,,1.0,1.0,1.0,,,,3.0,,4.0,,,,1.0,,,,,,,,,1.0,,1.0,,1.0,2.0,,,1.0,1.0,10.0,3.0,,,1.0,,,1.0,1.0,,1.0,,,2.0,1.0,,,1.0,25.0,,,,,57.0,,,,,6.0,1.0,,,7.0,,,,5.0,1.0,,1.0,,,,1.0,1.0,,,1.0,,,3.0,,,,2.0,1.0,,8.0,,,,,,3.0,2.0,,,,5.0,5.0,,,,,,,,5.0,8.0,,,9.0,,,,1.0,3.0,19.0,,1.0,,2.0,61.0,,,3.0,,,3.0,,,1.0,,,,1.0,,,,,,1.0,3.0,,1.0,,,,3.0,,1.0,14.0,3.0,,,1.0,,,,,,,1.0,1.0,,,,12.0,,35.0,,2.0,,4.0,,,,,2.0,38.0,,,,,149.0,,1.0,,1.0,1.0,2.0,,,2.0,,,,16.0,,,,45.0,,,1.0,,22.0,5.0,2.0,1.0,,,70.0,,,6.0,1.0,1.0,3.0,,5.0,,,,5.0,,10.0,373.0,,,,,,29.0,,,41.0,Age
29,2305,29,359.0,,1.0,,4.0,1.0,1.0,,,11.0,1.0,,3.0,,,,1.0,2.0,1.0,,,,,,,,,,,1.0,,,,,,,,,,,,,,,1.0,,,,,,,,,1.0,,,,,,,,,,,,2.0,,,,3.0,4.0,,5.0,,1.0,,,,,1.0,,1.0,,,,,,,,,1.0,2.0,1.0,,,,,2.0,,,,,,,1.0,3.0,,,,1.0,,,2.0,,,1.0,1.0,,,,,,,,,,,,,,,,,1.0,,,3.0,,,,,,,2.0,1.0,1.0,,,1.0,4.0,4.0,,,,,6.0,4.0,,,,,,,2.0,,,,2.0,11.0,1.0,,4.0,87.0,,,,14.0,1.0,,1.0,65.0,,11.0,,10.0,,,5.0,249.0,,,,,,55.0,,,,,219.0,,,,,1.0,,,,,,,2.0,,,,,,,,,1.0,,10.0,,1.0,1.0,1.0,,10.0,1.0,2.0,,1.0,,,,,,,,,,,1.0,,1.0,,,,,1.0,2.0,,,1.0,1.0,1.0,,,1.0,,,,1.0,,2.0,,,,,,,,1.0,,,1.0,,,,,,,5.0,,,,,4.0,7.0,,,,,1.0,3.0,,,,,,5.0,,,1.0,,17.0,,,,1.0,48.0,1.0,,,2.0,9.0,,,,6.0,,,,4.0,,,1.0,,,,,,,,,,,,,1.0,,4.0,,1.0,5.0,,,1.0,,,2.0,1.0,,,,4.0,3.0,,,,,,,,2.0,2.0,1.0,1.0,4.0,,1.0,,,2.0,13.0,,,,1.0,49.0,,,2.0,,,3.0,,,,,,1.0,,,,,1.0,1.0,,1.0,,,,,1.0,3.0,,,16.0,,,,5.0,,,,,,,,,1.0,,,17.0,,24.0,,4.0,,5.0,,1.0,,,1.0,39.0,,,,1.0,125.0,1.0,4.0,,,1.0,5.0,,,3.0,,,2.0,21.0,,,,47.0,,,5.0,,38.0,4.0,3.0,,1.0,1.0,78.0,,,7.0,,,1.0,,2.0,,1.0,,3.0,,8.0,316.0,,1.0,,,,22.0,,,36.0,Age
27,2186,27,343.0,,1.0,,1.0,,1.0,,,17.0,2.0,,,1.0,,,,,,,1.0,1.0,,,,,,,,1.0,,,,,,,,,,,,,1.0,1.0,,1.0,2.0,,,,,,,1.0,,,,,,,,,1.0,1.0,,,,,,1.0,2.0,,7.0,,,,,,,,,,,,,1.0,,,,1.0,,1.0,,,,,,,,,,,,,1.0,,,1.0,1.0,,,,2.0,,,1.0,3.0,,,,,,,,,,,,,1.0,1.0,,,,1.0,,1.0,,,,,,,2.0,2.0,,,,,3.0,6.0,1.0,1.0,,1.0,2.0,2.0,,2.0,2.0,,,,3.0,1.0,,,1.0,9.0,,,7.0,95.0,,,,11.0,,,3.0,56.0,1.0,2.0,,6.0,,1.0,5.0,246.0,,,,,,70.0,,,1.0,,198.0,,,,1.0,,,,,1.0,,,,,,,,1.0,,,,1.0,,8.0,,1.0,2.0,,1.0,8.0,,,,,,,,,1.0,,,,,1.0,2.0,,,1.0,,,,,,1.0,2.0,,,,1.0,1.0,,,,,1.0,,,,,1.0,,,,,,,,,,,,,,1.0,3.0,,,,,2.0,4.0,,,,,1.0,6.0,,,3.0,,,4.0,,,,2.0,15.0,1.0,,,1.0,56.0,,,,,8.0,,,,7.0,,1.0,1.0,2.0,1.0,,,,,,,,,,2.0,1.0,,1.0,,,1.0,2.0,,,2.0,,,1.0,,,,2.0,,,1.0,3.0,7.0,,,,1.0,,,,3.0,2.0,,,4.0,,,,,,22.0,,,,,52.0,1.0,,3.0,,,2.0,,,,,1.0,,1.0,,,,,,,3.0,,,,1.0,1.0,3.0,1.0,,21.0,1.0,,,7.0,1.0,,,,,,,,,1.0,,9.0,,21.0,,2.0,,4.0,,,,,3.0,28.0,,,1.0,,125.0,,3.0,1.0,,,2.0,,,1.0,,,2.0,11.0,,,,34.0,,1.0,5.0,,27.0,1.0,1.0,1.0,1.0,1.0,62.0,,,6.0,1.0,,2.0,1.0,,,,,2.0,,6.0,318.0,,3.0,1.0,,,18.0,,2.0,26.0,Age
30,1969,30,283.0,,,,8.0,,1.0,1.0,,10.0,,,1.0,,,,,,,,1.0,,,,,,,,,,,,1.0,,,,,,,,1.0,,,,,,,,,,,,1.0,2.0,,1.0,,2.0,,,,3.0,1.0,,,,,,,,5.0,,2.0,,1.0,,,,,,,,,,,1.0,,,,1.0,,,,,,,1.0,,1.0,,1.0,,,,,,,,,,,1.0,5.0,,,,2.0,,,,,,,,,,,,,,,,,,1.0,,,,1.0,,2.0,,,1.0,1.0,1.0,,,,1.0,5.0,,,,,6.0,3.0,,,2.0,,,,5.0,,2.0,1.0,1.0,22.0,,,4.0,66.0,,,1.0,10.0,1.0,,,62.0,,7.0,,13.0,,1.0,10.0,200.0,,,,,,51.0,,,4.0,,173.0,1.0,1.0,,,,,,,,,,,,,,,,,,,2.0,,6.0,,,,,,9.0,1.0,,,2.0,,,,,,,,,,,,,,,1.0,1.0,,,1.0,,1.0,1.0,,,,2.0,,,,,2.0,,2.0,,,,,,,,,1.0,,1.0,,,,,,2.0,3.0,,,,1.0,2.0,6.0,,,,,,2.0,,,3.0,1.0,,6.0,,,,2.0,14.0,,,,,43.0,,,,1.0,10.0,,,1.0,5.0,1.0,,,3.0,1.0,,,,,,1.0,1.0,,,,1.0,,1.0,1.0,,2.0,5.0,,,3.0,1.0,,,,,2.0,3.0,1.0,,,2.0,3.0,,,,,,,,2.0,1.0,,,9.0,,4.0,,,1.0,13.0,,,,,53.0,1.0,,,,,4.0,,,1.0,1.0,,,,,,,,,,2.0,,2.0,1.0,,,3.0,1.0,,18.0,,,,3.0,1.0,,1.0,,,,2.0,,,,,18.0,,32.0,,2.0,,4.0,,,,,1.0,20.0,,,,,104.0,,,,,,1.0,,1.0,3.0,1.0,,2.0,16.0,,,,29.0,,,5.0,,20.0,,,,,,67.0,,,3.0,2.0,,2.0,,1.0,,,,3.0,,9.0,283.0,,,,,,19.0,,1.0,31.0,Age
26,1690,26,281.0,,1.0,,5.0,,,,,9.0,1.0,,1.0,,,,,,,,1.0,,1.0,,,,,,,,,1.0,,,,,,,,,,,,,,,,,,,,,,,,,,1.0,,,,1.0,,,,,,,,,2.0,,3.0,,1.0,,,,,,1.0,,,,,,,1.0,,,1.0,,,,,,,,,,,1.0,,,1.0,,,,2.0,,,,1.0,,,,4.0,,,,,,,,,,,,,,,,1.0,,,,2.0,,,,,,,,1.0,,1.0,,,1.0,5.0,,,,,2.0,1.0,,1.0,2.0,,,,3.0,,,1.0,3.0,13.0,1.0,,4.0,56.0,,,,16.0,1.0,1.0,,44.0,,5.0,,4.0,,,,164.0,,,,1.0,,46.0,,,1.0,,153.0,,,,,,1.0,,,,,,,,,,,1.0,,,1.0,3.0,,6.0,,,2.0,,1.0,9.0,,,,,,1.0,,,1.0,1.0,,,,,,,1.0,,,,,,,,,,,,,1.0,,,,,1.0,,4.0,,,,,,,,,,,1.0,,,1.0,,,1.0,1.0,1.0,,,,5.0,4.0,,,,,,1.0,2.0,,2.0,,,4.0,,,,1.0,13.0,,1.0,,,31.0,,,,2.0,9.0,,,,3.0,,,,2.0,2.0,,,,,,,,,,,1.0,,,,,,4.0,1.0,,3.0,,,,1.0,,1.0,2.0,,,,2.0,4.0,,1.0,,,,1.0,,1.0,2.0,,,2.0,,3.0,1.0,,,15.0,,,1.0,1.0,34.0,1.0,,,,,4.0,,,1.0,1.0,,,,,,,1.0,1.0,,,,1.0,,,1.0,2.0,1.0,,15.0,1.0,1.0,,1.0,,,,,,1.0,,,,,,7.0,,18.0,,1.0,,2.0,,,,,2.0,25.0,,,,,86.0,,,,,,1.0,,,2.0,,,3.0,9.0,,,,28.0,,,2.0,1.0,17.0,2.0,2.0,,,1.0,47.0,,,3.0,1.0,,5.0,,2.0,,,,1.0,,4.0,282.0,1.0,2.0,3.0,,,13.0,1.0,,26.0,Age
31,1585,31,243.0,,,,3.0,,,,,4.0,,,,,,,,1.0,,,,,,,1.0,,,,,1.0,1.0,,,,,,,,,,,,,,,,,,,,1.0,1.0,1.0,,,,,,,,,1.0,1.0,,3.0,1.0,,,,,2.0,1.0,5.0,,,,1.0,,,1.0,,,,,,,1.0,,,,1.0,,1.0,,,,,,,,,,,,,,,,,,1.0,1.0,,,,,4.0,,2.0,,,,,,,,,1.0,,,,,,,1.0,,1.0,,,,,,,,,,,,,2.0,3.0,,,,,3.0,,,,2.0,,,,4.0,,,,2.0,9.0,,2.0,2.0,59.0,,,,9.0,,,,48.0,,5.0,1.0,9.0,,,10.0,162.0,,,,,,46.0,,,2.0,,129.0,,,,,,,,,,,,,,,,,,,,,,,5.0,,,,,,3.0,,,,,,,,,,,,,,,,,1.0,,1.0,,,,,,1.0,1.0,,,1.0,1.0,,,,,2.0,1.0,2.0,,,,,,1.0,,,,,1.0,,,,,,3.0,1.0,,,,,6.0,6.0,,1.0,1.0,1.0,,2.0,,,3.0,,,3.0,,,,,8.0,,,,1.0,41.0,,,,,5.0,,,,2.0,,,,4.0,1.0,,,1.0,,,,2.0,,,1.0,,,1.0,1.0,,,3.0,,,3.0,,,,,,1.0,3.0,,,,1.0,5.0,,1.0,,,,,,1.0,,,1.0,5.0,,1.0,,,,15.0,1.0,1.0,,,31.0,,,2.0,,,3.0,,,1.0,1.0,,,,,1.0,,1.0,,,2.0,,,,,,3.0,,,9.0,1.0,,,4.0,,,,,,,,,,,,11.0,,27.0,,3.0,,3.0,,,,,2.0,14.0,,,,2.0,108.0,1.0,,1.0,,,,,,,,,1.0,10.0,,,,25.0,,,3.0,,17.0,1.0,3.0,,,,53.0,,,4.0,,,,,1.0,,,,2.0,,7.0,231.0,2.0,1.0,,,,14.0,,,25.0,Age
32,1213,32,200.0,,,,1.0,,,,,7.0,1.0,,,,,,,,,,1.0,,,,,,,,,,,,,,,,,,,,,,,,,,,,,,,,1.0,,,,,1.0,,,,1.0,1.0,,,,,,,,2.0,,,,,,,,,,,,,,,,,,,,,,,,,,,,,2.0,,,,,,,,,,,,,2.0,,,,1.0,,,,,,,,,1.0,,,,,,,,,1.0,,,,,,,,,2.0,3.0,,,,,,4.0,,,,1.0,2.0,,,,,,,,3.0,,,,2.0,6.0,,,5.0,44.0,,,1.0,7.0,1.0,,,36.0,,2.0,,7.0,,,3.0,131.0,,,,,,36.0,,,,1.0,116.0,,2.0,,,,,,,,1.0,,1.0,,,,,,,,,,,4.0,,,1.0,,,2.0,,1.0,,2.0,,,,,,,,,,,,,,,1.0,,,,,,,2.0,,,,,,,,,2.0,,1.0,,,,,,,,,,,,,,,,,,5.0,,,,,2.0,2.0,,,,,,3.0,1.0,,1.0,,,4.0,,,,,3.0,,,,1.0,22.0,,,1.0,1.0,4.0,,,,5.0,,,,2.0,,,,,,1.0,1.0,1.0,,,1.0,,,2.0,,,,,,1.0,3.0,,,,,,,2.0,,,,3.0,2.0,,,,,,,,2.0,1.0,,1.0,1.0,,,,,,8.0,,,,1.0,27.0,,,4.0,,,2.0,,,1.0,,,,,,,,,,,,,1.0,,,,3.0,,1.0,9.0,1.0,,,2.0,1.0,,,,,,1.0,,,,,6.0,,10.0,,1.0,,5.0,1.0,,,,,18.0,,,,,75.0,,,,,,1.0,,,,,,1.0,8.0,,,,15.0,,,2.0,,15.0,1.0,2.0,,,1.0,36.0,,,1.0,,,1.0,,2.0,,,,2.0,,5.0,166.0,,2.0,,1.0,1.0,9.0,,,28.0,Age
25,1144,25,165.0,,,,3.0,,,,,11.0,1.0,,,,,,,,,,1.0,,,,,,,,,,,,,,1.0,,,,,,,,,,,,1.0,,,,1.0,,,3.0,,,,1.0,,,,1.0,,,,,,,,,,,1.0,,1.0,,,,,,,,1.0,,,,1.0,,,,1.0,,,,,,,,,,,,1.0,,,1.0,,,,,,,1.0,,,1.0,4.0,,,,,1.0,,,,,1.0,,,1.0,,,,,,,,,,,,,,1.0,,,,,,1.0,1.0,,,,,,1.0,,,,1.0,,,1.0,1.0,,1.0,3.0,3.0,,1.0,1.0,38.0,,,,10.0,,,,26.0,,4.0,,5.0,,,,132.0,,,,,,32.0,,,,,96.0,,,,,,,,,,,,,,,,1.0,,,,,,,2.0,,,1.0,,,12.0,,,,1.0,,,,,,,,,,,,,1.0,,,,,,,,2.0,3.0,,2.0,,1.0,,,,,2.0,,1.0,,,,,,,,,,,,,,,,,1.0,,,1.0,,,2.0,2.0,,,,,,2.0,1.0,,1.0,,,2.0,,,,,7.0,,,1.0,,20.0,,,,,5.0,,,1.0,4.0,,,,3.0,,,,,,,,,1.0,,1.0,,,2.0,,,,1.0,,,2.0,,,1.0,,,,,,,,2.0,3.0,,,,,,,,3.0,2.0,,,4.0,,1.0,1.0,,2.0,10.0,,1.0,,2.0,20.0,,,1.0,,,,,1.0,,1.0,,1.0,,,,,,,,,,,,,1.0,2.0,,,13.0,1.0,,,,,,,,,,,,,,,13.0,1.0,10.0,,3.0,,3.0,,1.0,,,,17.0,,,,,70.0,1.0,1.0,,,,1.0,,,4.0,,,,12.0,,,1.0,14.0,,,3.0,,13.0,1.0,1.0,,,,42.0,,,3.0,,,1.0,,,,,1.0,2.0,,6.0,159.0,,1.0,,1.0,,11.0,,,21.0,Age
33,1076,33,179.0,,,,,,,,,5.0,1.0,,,,,1.0,,,,,,,,,,,,,,,,,,,,,,,,1.0,,,,,,,,,,,,,,,,,,,,,,,,,,,,,,,,,4.0,,,,1.0,,,,,,,,,,,,,,2.0,1.0,2.0,,,,,,,,,,,,,1.0,,,,,,,,,,,1.0,,,,,,,,,,,,,,1.0,,,,,,,,,,,,,,,,,,,,3.0,1.0,,,,1.0,1.0,,,,,,,2.0,,1.0,1.0,,7.0,,,1.0,37.0,1.0,,,10.0,,,,35.0,,9.0,,6.0,,,3.0,121.0,,,,1.0,1.0,29.0,,,1.0,,86.0,,,,,,,,,,,,,,,,,,,,,1.0,,3.0,,,2.0,,,2.0,,,,1.0,,1.0,,,,,,,,,,,,,,,,1.0,,,,1.0,,,,,,,,,3.0,,1.0,,,,,,,1.0,,,,1.0,,,1.0,,,,3.0,,,,,2.0,3.0,,,1.0,,,2.0,3.0,,2.0,,,2.0,1.0,,,,7.0,,,,2.0,29.0,,,,,3.0,,,,8.0,,1.0,,1.0,,,,1.0,1.0,,,1.0,,,,,,,,,,2.0,,,5.0,,,,,,1.0,1.0,,1.0,,1.0,2.0,,,1.0,,,,1.0,3.0,2.0,,1.0,3.0,,2.0,1.0,,,10.0,,,,1.0,23.0,,1.0,1.0,,,2.0,,,,,,,1.0,,,,,,,,,,,,,2.0,,,4.0,,,,3.0,,2.0,,,,,,2.0,1.0,,,3.0,,21.0,,1.0,,1.0,,,,,1.0,9.0,,,,,51.0,1.0,,1.0,,,1.0,,,,,,,5.0,,,,12.0,,,2.0,,14.0,1.0,2.0,,,,39.0,,,1.0,,,2.0,,,,,,1.0,,5.0,146.0,1.0,,,,,9.0,,,16.0,Age
44,1071,44,164.0,,,,2.0,,1.0,,,9.0,3.0,,1.0,,,,,,,1.0,,,,,,,,,,,,,,,,,,,,1.0,,,,,,,1.0,,,1.0,,,,,,,,1.0,,,,1.0,,,,,,1.0,,,3.0,,2.0,,,,,,,,,1.0,,,,,,1.0,,,,,,,,,,,,,,1.0,,1.0,,,,,,1.0,,1.0,2.0,,,,,,,,,,,,,,,,,,,,,,,,,,,,,,,,,,,,,,2.0,,,,,3.0,,,1.0,1.0,,,,1.0,,,1.0,,5.0,,,4.0,42.0,,,,4.0,,,,29.0,,3.0,,4.0,,,,112.0,1.0,,,,,27.0,,,1.0,,91.0,,,,,,,2.0,,,,,,,,,,,,,,1.0,,6.0,,,1.0,,,3.0,,,1.0,,,,,,,,,,,,,,,,,,,,1.0,,1.0,,,,1.0,,,,,,4.0,,1.0,,,,,,,,1.0,,,,,,,,,,3.0,,,,,1.0,2.0,,,,,,,,,2.0,,1.0,4.0,,,,,9.0,,,,,28.0,,,,,4.0,,,,1.0,,,,1.0,1.0,,,1.0,,,,,,,1.0,,,1.0,,,,1.0,,1.0,4.0,,,1.0,,,1.0,1.0,,,,5.0,2.0,,,,,,,,2.0,2.0,,,4.0,,2.0,,,,8.0,,,,1.0,24.0,,,5.0,1.0,,3.0,,,,,,,,,,,,,,,,,,,,,,,11.0,,,,3.0,,,,,,,2.0,,,,,5.0,,8.0,,1.0,,2.0,,1.0,,,2.0,9.0,,,,,58.0,,,,,,2.0,,,3.0,,,1.0,10.0,,,,9.0,,,2.0,,9.0,,1.0,,2.0,,48.0,,,1.0,,,,,,,,,2.0,,4.0,148.0,,1.0,,,,11.0,,1.0,31.0,Age
43,1006,43,162.0,,,,3.0,1.0,,,,10.0,,,,,,,,,,,,,,,,,,,,1.0,,,,,,,,,,,,,,,,,,,,,,,,,,,1.0,,,,,1.0,,,,,,,,1.0,2.0,,4.0,,1.0,,,,,,,,,,,,,,,,,,,,,1.0,1.0,,,,,,,,,,,,,,,1.0,1.0,,,,,,,,,,,,,,,,,,1.0,,1.0,,,,,,,,,,,,3.0,,,,,1.0,1.0,,,,,,3.0,,,1.0,,,,1.0,,,,2.0,5.0,,,4.0,44.0,,,,8.0,1.0,,1.0,21.0,,3.0,,3.0,,,3.0,90.0,,,,,,26.0,,,1.0,1.0,74.0,,,,,,,,,,,,1.0,,1.0,,,,1.0,,,2.0,,1.0,,,,,,1.0,1.0,,,,,,1.0,,,,,,,,,,,,,,,,,,,,,,,,,,,2.0,1.0,,,,,,,,1.0,,,,,,,,,,,1.0,1.0,,,,,1.0,2.0,,,,,,1.0,3.0,,1.0,,,,,,,1.0,7.0,,,,1.0,24.0,,,,1.0,6.0,,,,3.0,,,,7.0,,,1.0,,,1.0,,,,,,,,,,,,,,1.0,2.0,,,,,,,2.0,,,,5.0,9.0,,,,,,,,2.0,1.0,,,2.0,,2.0,,,,14.0,,,,1.0,20.0,,,3.0,,,2.0,,,,,,,,,,,,,,,,,,,,1.0,1.0,1.0,11.0,,,,3.0,,,,,,,,,,,,5.0,,10.0,,1.0,,2.0,,,,,2.0,17.0,,,,1.0,67.0,,1.0,,,,1.0,,,,1.0,,1.0,8.0,1.0,,,20.0,,,4.0,,11.0,,,,,,32.0,,,2.0,,,1.0,1.0,1.0,1.0,,,,,2.0,145.0,,,,,,8.0,,,12.0,Age
49,988,49,166.0,,1.0,,1.0,,,,,7.0,,,,,,,,,,,1.0,,,,,,,,,,,1.0,,,,,,,,,,,,,1.0,,1.0,,,,,,1.0,,,,,,,,,,,,,,,,,,3.0,,6.0,1.0,,,,,,,,,,,,,,,,1.0,,,,,1.0,,,,,1.0,,,1.0,,,1.0,,,,,,1.0,,,,,2.0,,,,1.0,,,,,,,,,,,,,,1.0,,1.0,,,,,,,1.0,,,,,,1.0,4.0,,,,,1.0,1.0,,,,,,,1.0,,,,2.0,8.0,,1.0,2.0,31.0,,1.0,,5.0,,,,29.0,,2.0,,7.0,,,4.0,98.0,,,,,,24.0,,,,,78.0,,,,,,,1.0,,,,,,,,,,,,,,2.0,,4.0,,,1.0,,1.0,2.0,,,,,,,,,,,,,,,,,,,1.0,,,,,,,2.0,,,1.0,,,,,,,,,,,,,,,,,,,,,,,,,,1.0,,,,,2.0,3.0,,,,,,1.0,1.0,,,,,2.0,1.0,,,1.0,5.0,,,,,33.0,,,,,4.0,,,,1.0,,,,2.0,,,,1.0,,,,,,,1.0,,,,,,1.0,,1.0,,2.0,,,,,,3.0,1.0,,,,,2.0,,1.0,,,,,,,,,1.0,1.0,,1.0,,,,9.0,,,,,23.0,,,1.0,,,1.0,,,,,,,1.0,,,,,,1.0,,,1.0,,,,,,1.0,13.0,,,,2.0,,,,,,,,,1.0,,1.0,5.0,,12.0,,2.0,,,,,,,,11.0,,,,,69.0,,,,,,,,,1.0,,,,7.0,,,,12.0,,,1.0,,16.0,,1.0,,,2.0,36.0,,,,1.0,,2.0,2.0,1.0,,1.0,,1.0,,1.0,125.0,,,,,,10.0,,,24.0,Age
48,986,48,170.0,,,1.0,5.0,,,,,8.0,,,,,,,,,,,,,,,,,,,,,,,,,,,,,,,,,,,,,,,,,1.0,,1.0,1.0,,,2.0,,,,1.0,,,,,1.0,,,,1.0,4.0,,2.0,,1.0,,,,,,,,,,,,,,,,,,,,,,,,,,,,,,,,,,,,,,,,,,1.0,,,,,,,,,,,,,,,,,,1.0,1.0,1.0,,,,,,,,1.0,1.0,,,,1.0,4.0,,,,,,2.0,,,,,,,4.0,,,2.0,4.0,11.0,,,2.0,27.0,,,,6.0,,,,29.0,,2.0,,5.0,,,2.0,86.0,,,,,,27.0,,,,,94.0,,,,,,,,,1.0,,,,,,,,,,,,1.0,,2.0,,,1.0,,,3.0,,,,1.0,,,,,,,,,1.0,,,,,,,,,1.0,,,,2.0,,,,,,1.0,,,1.0,,1.0,,,,,,,,,,,,,,,,,1.0,,,,2.0,,1.0,,,,,,,,,,,,,5.0,,,,1.0,10.0,,,,,23.0,,,,,4.0,,,,2.0,,,,1.0,,,,,,,1.0,,,,,,,,,,,3.0,,,2.0,,,,,,,1.0,,,,2.0,,,,,,,,,,2.0,,1.0,4.0,1.0,,,,,10.0,,,,,19.0,1.0,,2.0,,,,,,,1.0,2.0,1.0,,,,,,1.0,,,,,,,,1.0,,,6.0,,,,2.0,,,,,,,1.0,2.0,,,2.0,4.0,,11.0,,2.0,,,,,,,,9.0,,1.0,,1.0,54.0,2.0,,,,,,,,4.0,,,3.0,7.0,,,1.0,14.0,2.0,,3.0,,12.0,1.0,2.0,,1.0,1.0,34.0,,1.0,,1.0,,,,,,,,1.0,,5.0,134.0,1.0,,,,,6.0,,1.0,20.0,Age
47,979,47,152.0,,1.0,,1.0,,,,,5.0,1.0,1.0,2.0,,,,,,,,,,,,,,,,,,,,,,,,,,,,,,,,1.0,,,,,,,,,1.0,,,,,,,,,,,,,,,,1.0,2.0,,3.0,,,,,,,,,,,,,,,,,,,,2.0,,,,1.0,,,1.0,,,,,,,,,,,,,2.0,,,,,,,,,,,1.0,,,,,,,,,,1.0,,,1.0,,,,,,,1.0,1.0,,,,1.0,1.0,2.0,,,,1.0,1.0,2.0,,,2.0,,,1.0,1.0,,,,1.0,10.0,,2.0,4.0,34.0,,,,8.0,,,1.0,28.0,1.0,4.0,,2.0,1.0,,2.0,109.0,,,,,,38.0,,,,,84.0,,,,,,,,,,,,,,,,,,,,,,,3.0,,,1.0,,,5.0,,,,,,,,,,,,,1.0,,,,,,,,,,,,,,,,,,,,,,1.0,,1.0,,,,,1.0,,,,,,,1.0,,,,1.0,,,,,,,2.0,3.0,,,,,,1.0,,,,,,,,,,,5.0,,,,,22.0,,,,,5.0,1.0,1.0,,2.0,,,,1.0,,,,,,,1.0,,1.0,,,,,1.0,,,,2.0,1.0,1.0,7.0,,,,,,,2.0,,,1.0,7.0,1.0,,,,,,,,1.0,1.0,,,2.0,,,,,,9.0,,,,,17.0,,,,,,3.0,,,,,,,1.0,,,,,,,1.0,,1.0,,,,2.0,1.0,,9.0,,,,1.0,,1.0,,,,,,,,,,2.0,,13.0,,3.0,,3.0,,,,,1.0,15.0,,,,,51.0,,,,,,,,,,,1.0,,10.0,,,,14.0,,,1.0,,15.0,,,1.0,,2.0,36.0,,,1.0,,1.0,1.0,,,,,,1.0,,3.0,119.0,,1.0,,,,11.0,,,17.0,Age
50,954,50,133.0,,,,2.0,,,,,6.0,,,,,,,,1.0,,,1.0,,,1.0,,,,,,1.0,,,,,,,,,,,,,,,1.0,,,,,,,,1.0,1.0,,,,,,,,,,,1.0,,,,,,1.0,,1.0,,1.0,,1.0,,,,,,,,,,,,,,,,1.0,,,1.0,1.0,,,,,1.0,,,,,,,,,,,1.0,1.0,,,1.0,,,,,,,,,,,,,,,1.0,,,1.0,,2.0,,,,1.0,,,,1.0,1.0,,,1.0,2.0,1.0,,1.0,,,1.0,1.0,,,3.0,,,,1.0,,1.0,,,10.0,,,2.0,25.0,,,,6.0,,,,30.0,,5.0,,,1.0,1.0,2.0,114.0,,,,,,29.0,,,1.0,,84.0,,1.0,,,,,,,,,,,,,,1.0,,1.0,,,,,5.0,1.0,,,,,2.0,,,,,,,,,,,,,,,,,1.0,,,,,,,,,,,,,,,,,,,,2.0,,,,,,,,,1.0,1.0,,,,,,,1.0,1.0,,,,,1.0,2.0,,,1.0,,,1.0,1.0,,2.0,,,1.0,,,,,5.0,,,,1.0,18.0,,,,,3.0,,,,2.0,1.0,,,,,,,,,,1.0,,1.0,,,,,,,,,1.0,,,2.0,,,,,,2.0,,,,,2.0,3.0,,,,,1.0,,,1.0,1.0,,1.0,1.0,,1.0,,,2.0,9.0,,,,,26.0,,,1.0,,,2.0,,,,,,,1.0,,,,,,,,,,,,1.0,2.0,,1.0,10.0,1.0,,,1.0,,,,,,,1.0,,,,,1.0,,18.0,,2.0,,3.0,,,,,2.0,15.0,1.0,,,,65.0,,,,,,,,,,,,1.0,3.0,,,,14.0,,,,,11.0,,,,,,22.0,,,2.0,,,,,,,,,,,2.0,147.0,1.0,,,,,6.0,,,16.0,Age
34,920,34,156.0,,,,1.0,,1.0,,,6.0,,,,,,,,,,,,,,,,,,,,,,,,,,,,,,,,,,,,,1.0,,,,1.0,,,,,,,1.0,,,,,,,,,,,,,,,3.0,,,,,,,,,,,,,,,1.0,,,,,1.0,,,,,1.0,,,,1.0,,,,,,,,,,,1.0,,,,1.0,1.0,1.0,,,,,,1.0,,,,,,,,,,,,,,,,,1.0,,1.0,2.0,,,,,,3.0,,,,,1.0,,,,,,,,,,1.0,,2.0,11.0,,1.0,2.0,33.0,1.0,,,,,,,24.0,,,1.0,2.0,,,3.0,75.0,,1.0,,,,24.0,,,,,89.0,,,1.0,,,,,,,,,,,,,,,,,,1.0,,2.0,,,1.0,1.0,,5.0,,,,,,,,,1.0,,,,,,,,,,,,,,,,,,,,,,1.0,,,,1.0,,1.0,,,,,1.0,,,,,,,,,,,,,2.0,,,,,,3.0,,,,,,3.0,2.0,,,,,2.0,,,,1.0,5.0,,,,,25.0,,,,,5.0,,,,4.0,,,,,,,,,,,,,,,2.0,,,1.0,,,,5.0,,,1.0,,,,,,,2.0,1.0,1.0,,4.0,1.0,,,,1.0,,,,1.0,2.0,,,2.0,,,,,,8.0,,,,1.0,18.0,1.0,,,,,2.0,,,,,,,,,,,,,,,,,,,,2.0,,,9.0,1.0,,,3.0,,,,,,,,,,,,6.0,,6.0,,3.0,,1.0,,,,,1.0,15.0,,,,1.0,49.0,,,,,,2.0,,,1.0,,,,6.0,,,,16.0,,,,,15.0,2.0,1.0,,,,31.0,,,,1.0,,,,2.0,,,,,,3.0,138.0,,1.0,,,,9.0,,,16.0,Age
42,909,42,148.0,,,,1.0,,1.0,,,6.0,,,,,,,,,,,,,,,,,,,,,,,,,,,,,,,,,,,,,,1.0,,,,,,,,,1.0,,,,,,1.0,,,1.0,,,,1.0,1.0,,,,,,,,,,,,,,,,,1.0,,,1.0,,2.0,,,,,,,,,1.0,,,1.0,,,,,,,,1.0,,,,2.0,,,,,,,,,,,,,,,,,,1.0,,2.0,,,,,,,,1.0,,,,,2.0,1.0,,,,,2.0,1.0,,2.0,1.0,,1.0,,3.0,,,,1.0,10.0,,1.0,5.0,35.0,,,,5.0,,,2.0,26.0,1.0,3.0,,,,,,85.0,,,,,,27.0,,,,,84.0,,,,,,,,,,,,1.0,,,,,,,,,,,1.0,1.0,,1.0,,,3.0,,,,,,,,,,,,,,,,,1.0,,,,,,,,,,,,,,,,,,,,2.0,,,,,,,,,,,,,,,,,,1.0,,,,,2.0,5.0,,,,1.0,,,1.0,,1.0,,,2.0,,,,,11.0,,,,,18.0,,,,,1.0,,,,3.0,,,,1.0,,,,,,,,,,,1.0,,,1.0,,1.0,,1.0,,,3.0,,1.0,,,,1.0,1.0,,,,1.0,2.0,,,,,,,1.0,1.0,1.0,,,3.0,,1.0,,,,10.0,,1.0,1.0,,16.0,,,2.0,,,3.0,,,,,,,1.0,,,,,1.0,,,,,,,,2.0,,,10.0,2.0,1.0,,1.0,1.0,,,,,,,1.0,,,,8.0,1.0,11.0,,1.0,,2.0,,,,,,9.0,,,,,52.0,,1.0,,,,,,,1.0,,,,2.0,,,,15.0,,,,,14.0,1.0,1.0,,,,25.0,,,4.0,,,,,1.0,,,,1.0,,2.0,130.0,1.0,1.0,,,,8.0,,,14.0,Age
46,905,46,158.0,,,,1.0,,,,,5.0,2.0,,,,,,,,,,,,,,,,,1.0,,,,,,,,,,,,,,,,,,,1.0,,,,,,,,,,1.0,,,,,,,,1.0,1.0,,,,1.0,1.0,,1.0,,,,,,,,,,,,,,1.0,,,,,,,,,,1.0,,,,,,,,,,,,,,,1.0,2.0,1.0,,1.0,,,,,,,,,,,1.0,,,,,,,,1.0,,,,,,,,,,2.0,,,,,1.0,2.0,,,,,,,,,,,,,,,,,,5.0,,,3.0,36.0,,,,2.0,,,,28.0,,1.0,,3.0,,,3.0,89.0,,,,,,26.0,,,1.0,,88.0,,,,,,,,,,,,,,,,,,,,,,,4.0,,,1.0,,,6.0,,,,,,1.0,,,,,,,,,,,,,,,,,,,,1.0,,,,,,,,,1.0,,1.0,,,,2.0,,,,,,,,,,,,,,3.0,,,,,1.0,1.0,,,,,,2.0,1.0,,,,,1.0,,,,,3.0,,,,,19.0,,,,2.0,5.0,,2.0,,2.0,,,,5.0,,1.0,,,,,,,,,,,,,,,,1.0,,,1.0,,,,,,1.0,,,,,,3.0,,,,,,,,,,,,,,1.0,,,,8.0,,,,1.0,20.0,,,1.0,,,1.0,,,,,,,,,,,,,,1.0,,1.0,,,1.0,1.0,,1.0,8.0,,,,1.0,,,,,,,,,,,,6.0,,11.0,,2.0,,1.0,,,,,1.0,10.0,,,,1.0,60.0,,1.0,,,,2.0,,,,,,,7.0,,,,18.0,,,1.0,,8.0,2.0,,,,,31.0,,,,,,1.0,,,,,,1.0,,4.0,123.0,1.0,1.0,,1.0,,8.0,,,13.0,Age
51,903,51,135.0,,1.0,,2.0,1.0,,,,8.0,,,,,,,,,,,,,,,,,,,,,,,,,,,1.0,,,,,,,,,,,,,,,,,,,,,,,,,,,,,,,,,,2.0,,3.0,,,,,,,,,,,,,,,,,,,,,,,,,,,,,2.0,,,,,,,,,,,2.0,,,,4.0,,1.0,,,,,,,,,,,,,,,,,,,,,,,,,,1.0,,,,,1.0,3.0,,,,,1.0,1.0,,2.0,2.0,,,,3.0,,,1.0,1.0,9.0,,1.0,2.0,31.0,,1.0,,5.0,,,,31.0,,,,5.0,,,1.0,89.0,,,,,,26.0,,,1.0,1.0,70.0,,1.0,,,,,,,,,,1.0,,,,,,,,,,,2.0,,,,1.0,,2.0,,,,1.0,,,,1.0,,,,,,,,,,,,,,,,,,,,,,1.0,,,,,2.0,,2.0,,,,,,,,,,,,,,,,,2.0,1.0,,,,,3.0,3.0,,,,,,2.0,3.0,,,,,,,,,2.0,7.0,,,,,16.0,,,,2.0,2.0,,,,2.0,,,,1.0,,,,,,,,,,,1.0,,,1.0,,,1.0,,,,5.0,,,,,,,1.0,,,,3.0,3.0,,1.0,,,,,,1.0,1.0,,,1.0,,,,,,5.0,,1.0,,2.0,20.0,,,1.0,,,,,,,1.0,,,,,,,,,,,,,,,,2.0,,1.0,7.0,,,,2.0,,,,,,,1.0,,,,,4.0,,6.0,,1.0,,1.0,,,1.0,,1.0,10.0,,,,,51.0,,,,,,,,,3.0,,,,7.0,,,1.0,21.0,,,3.0,,5.0,2.0,2.0,,,,29.0,,,,,,,,,,,,3.0,,4.0,153.0,,1.0,,,,5.0,,,16.0,Age
35,881,35,132.0,,2.0,,2.0,,,,,6.0,,,,,,,,,,,,,,,,,,,1.0,,,,,,1.0,,,,,,,,,,,,,,,,,,2.0,1.0,,,,,,,,1.0,,,,,,,,,4.0,1.0,1.0,,,1.0,,,1.0,,,,,1.0,,,,,,,1.0,,,,,,,,,1.0,,,,,,,,,,,,,1.0,,,,5.0,,,,,,,,,,,,,,,,,,,1.0,,,,,,,,,2.0,,,,1.0,1.0,2.0,,,,,1.0,1.0,,,2.0,,,,,,,1.0,,5.0,1.0,1.0,4.0,28.0,,1.0,,9.0,,,,26.0,,7.0,,4.0,,,1.0,93.0,,,,,,24.0,,,,1.0,66.0,,,,,,,,,,,,,1.0,,,,,,,,,,1.0,,,,,,1.0,,,,,,1.0,,,,1.0,,,,,1.0,,,,1.0,,,,,,,,,,,,1.0,,,,,,1.0,,,,,,,,,,,,,,,,,1.0,1.0,,,,,3.0,,,,,,,1.0,1.0,,1.0,,,,,,1.0,,5.0,,,,,19.0,,,,,6.0,,,,2.0,,,,,,,,,,,,,,,,,,2.0,,,,1.0,,,3.0,,,,,,,1.0,,,,2.0,3.0,,,,,,,,2.0,1.0,,,2.0,,,,,,9.0,,,,,21.0,,,,1.0,,1.0,,,,,,2.0,2.0,,,,,1.0,,,,,,,,1.0,,,5.0,,,,1.0,,,1.0,,,,,,,,,4.0,,13.0,,1.0,,1.0,,,,1.0,1.0,18.0,,,,,53.0,,1.0,,,,1.0,,,,,,1.0,8.0,,,,23.0,,,,,11.0,1.0,2.0,,,,37.0,,,2.0,,,,,1.0,,,,,,3.0,115.0,,1.0,,,,6.0,,,16.0,Age
40,872,40,133.0,,,,,,,,,5.0,1.0,,,,,,,,,,,,,,,,,,,,,1.0,,,,,,,,,,,,,,,,,,,,,,,,,,,,,,,,,,1.0,,,1.0,1.0,,,1.0,,,,,,,,,1.0,,1.0,,,,,,,,,1.0,,,1.0,,,,1.0,,,,,,,,1.0,,,,,2.0,,,,2.0,,,,,,,,,,,,,,,,,,,,1.0,,,,,,,1.0,,,,,,,3.0,1.0,1.0,,,2.0,1.0,,,,,,,2.0,,,,1.0,11.0,,,4.0,37.0,,,,5.0,,,,26.0,,2.0,,2.0,,,4.0,75.0,,,,,,22.0,,,,,67.0,,,,,,,,,,,,,,,,,,,,,1.0,,2.0,1.0,,,1.0,,4.0,,,,,,,,,,,,,,,,,,,1.0,,,,1.0,,,1.0,,,1.0,,1.0,,,,,,2.0,,,,,,,,,,,,,,,,,3.0,1.0,,,,,4.0,3.0,,,,1.0,,1.0,,,1.0,1.0,,2.0,,,,,5.0,,,,,16.0,,,,,4.0,,,,7.0,,1.0,,1.0,,,1.0,,,,,1.0,,,1.0,,,1.0,,1.0,1.0,,,,1.0,,,,,,1.0,1.0,,,,,1.0,,,,,,,,2.0,,,,4.0,,1.0,,,2.0,5.0,,,,,28.0,,,,,,2.0,,,,,,,1.0,,,,1.0,,,,,,,,,1.0,,1.0,6.0,,,,,,,,1.0,,,,,,,,6.0,1.0,11.0,,2.0,,1.0,,1.0,,,,16.0,,,,,46.0,,1.0,1.0,,,2.0,,,2.0,2.0,,,5.0,,,,14.0,,,,,15.0,,1.0,,,,32.0,,,2.0,1.0,,,,,,,,1.0,,7.0,123.0,,2.0,,,,7.0,,,16.0,Age
41,867,41,130.0,,,1.0,1.0,1.0,1.0,,,6.0,,,,,,,,,,,,,,,,,,,,,,,,1.0,,,,,,,,,,,,1.0,,,,,1.0,,,,,,,,,,,,,,,,,,,,2.0,,2.0,,,,,,,,,,,,,,,,,,,,,,,,,,,,,,,,,,,,,,,,1.0,,,1.0,3.0,,,,,,,,,,,,,,,,,,,,1.0,,,,,,,,,,,,,,3.0,1.0,,1.0,1.0,1.0,,,,1.0,,,,1.0,,,,5.0,9.0,,1.0,3.0,28.0,1.0,1.0,,5.0,,,1.0,28.0,,2.0,,6.0,,,2.0,91.0,,,,,,31.0,1.0,,,1.0,69.0,,,,,,,,1.0,,,,,,,,,,,,,1.0,,5.0,,,,1.0,,5.0,,,,,,,,,,,,,,,,,2.0,,,,,,,,,,,,,,,,,1.0,2.0,,1.0,,1.0,,,,,,,,,,,,,,,1.0,2.0,,,,,,2.0,,,,,,1.0,,,,,,1.0,,,,,9.0,,,,2.0,23.0,,,,,5.0,,,,4.0,,,,,,,,,,,,,,,1.0,,,,,,,1.0,,,1.0,,,,,,1.0,,,,,2.0,3.0,1.0,,,,,,,,,,,4.0,,1.0,,,,9.0,,1.0,,,18.0,,,1.0,,,,,,1.0,,,,,,,,,1.0,,,,,,,,,,,6.0,,,,3.0,,,,,1.0,,,,,,,7.0,,13.0,,1.0,,2.0,,,,,,10.0,,,,,33.0,,,,,,2.0,1.0,,1.0,,,,3.0,,,,15.0,,,2.0,,15.0,1.0,,,,1.0,27.0,,,1.0,,,1.0,,1.0,,,,2.0,,6.0,109.0,,1.0,,,,12.0,,1.0,26.0,Age
45,862,45,118.0,,,,4.0,,1.0,,1.0,5.0,,,,,,,,,,,,,,,,,1.0,,,,,,,,,,,,,,,,,,,,,,,,,,,,,,1.0,,,,,,,,,,,,,,2.0,,3.0,,,,,1.0,,,,,,1.0,,1.0,,,,,,,,,,,1.0,,,,,,,,,,,,,,,,2.0,,,,,,,,,,,,,,,,,,,,,,1.0,,,,,,,,,1.0,1.0,,2.0,,1.0,1.0,1.0,,,,,1.0,1.0,,,1.0,,,,1.0,,1.0,,3.0,4.0,1.0,,2.0,34.0,,,,1.0,,,,16.0,,,,6.0,,,4.0,88.0,,,,,,26.0,,,,,86.0,,,,,,,,,,,,,,,,,,1.0,,,,,4.0,,,,,,4.0,,,,,,,,,1.0,,,,,,,,,,,,,,,,,1.0,,,2.0,1.0,,,,,3.0,,1.0,,,,,1.0,,,,,,,,,1.0,,,1.0,1.0,,,,,1.0,4.0,,,,,,4.0,1.0,,,,,1.0,,,,2.0,6.0,,,,1.0,17.0,,,,1.0,2.0,,,,3.0,,,,1.0,,,,,,,,,,,,,,,,,,1.0,,,3.0,1.0,,,,,,2.0,1.0,,,1.0,2.0,,,,,,,,2.0,1.0,,1.0,1.0,,1.0,,,,11.0,,1.0,,1.0,22.0,,,3.0,,,2.0,,,,,1.0,1.0,,,,,1.0,,,,,1.0,,,,2.0,,,13.0,,,,2.0,,,,,,,,,,,1.0,4.0,,10.0,,1.0,,3.0,,,,,2.0,11.0,,,,,43.0,,,,,,1.0,,,1.0,,,1.0,7.0,,,,15.0,,,1.0,,10.0,,2.0,,,1.0,36.0,,,4.0,,,,,,,,,,,2.0,113.0,,1.0,,,,12.0,,,10.0,Age
52,854,52,134.0,,,,1.0,,1.0,,,5.0,,,,,,,,,,,,,,,,,,,,,,,,,,,,,,1.0,,,,,,,1.0,,,,,1.0,,1.0,,,,,,,,,,,,,,,,,2.0,,2.0,,,,1.0,,,,,,,,,,,,,,1.0,,1.0,,,,1.0,,,,,,,,,,1.0,,,,,,,,,,,,,,,,,,,,,,,,,,,,,,3.0,,,1.0,,,,,,,,,,1.0,2.0,,,,1.0,1.0,1.0,,,1.0,,,,2.0,,2.0,,1.0,3.0,1.0,1.0,2.0,26.0,,,,7.0,,,,16.0,,5.0,,,,,3.0,78.0,,,1.0,,,24.0,,,,,68.0,,,,,,,,,,,1.0,1.0,,,1.0,,,,,,,,4.0,,,2.0,,,2.0,,,,,,,,,1.0,,,,,,,,,,,,,,1.0,,,,,,,1.0,,,,,1.0,,3.0,,,,,,,,,1.0,,,,,,,,,3.0,,,,,2.0,2.0,,,,,,2.0,,1.0,1.0,,,,,,,,12.0,,,,1.0,21.0,,,,,3.0,,,,2.0,,,,,,,,,,,1.0,,,,1.0,,,1.0,,,,4.0,,,2.0,,,,,,,2.0,,,,2.0,2.0,,1.0,,,,,,1.0,1.0,,,3.0,,3.0,,,,8.0,,,,,18.0,,,1.0,,1.0,1.0,,,,,,,,,,1.0,1.0,1.0,,2.0,,,,1.0,,2.0,,,7.0,1.0,,,1.0,,1.0,,,,,1.0,,1.0,,1.0,3.0,,8.0,,1.0,,2.0,,,,,,16.0,,,,,57.0,,,,,,,,,3.0,,,,9.0,,,,6.0,,,3.0,,10.0,2.0,,,,1.0,31.0,,,1.0,1.0,,,,,,,,,,4.0,123.0,,2.0,,,,10.0,,,13.0,Age
36,848,36,140.0,,1.0,,1.0,,,,,4.0,,,1.0,,,,,1.0,,,,,,,,,,,,,,,,,,1.0,,,1.0,,,,,,,,,,,,,,,,,,,,,,,,,,1.0,,1.0,,,,2.0,,3.0,,1.0,,,,,,,,,,,,,,,,,,,,,,,1.0,,,,,,,,,,,1.0,,,,1.0,,,,,,,,,,,,,,,,,,,,,,2.0,,1.0,,,,,,,1.0,,,,1.0,,,1.0,,,,,,,,,2.0,,,,2.0,,,,4.0,13.0,,,3.0,32.0,,,,6.0,,,,21.0,,1.0,,1.0,,,4.0,84.0,,,,,,33.0,,,,,66.0,,1.0,1.0,,,,1.0,,,,,,,,,,,,,,,,2.0,1.0,,1.0,,,4.0,,,,,,,,,,,,,,,,,,,1.0,,,,1.0,,,2.0,,,1.0,,,,,,,,1.0,,,,,,,,,,,1.0,,,,,,,2.0,,,,,2.0,5.0,,,,,,,2.0,,1.0,,,2.0,,,1.0,,16.0,,,,,18.0,,,,,3.0,,,,3.0,,,,1.0,,,,,,,1.0,,,,,,,,,,,,,,2.0,,,,,,1.0,3.0,1.0,,,,6.0,1.0,,,,,,,2.0,2.0,,,3.0,,3.0,,,,8.0,,,,,18.0,1.0,,,,,1.0,,,,,,,,,,,,,,,,,,,,1.0,,1.0,7.0,,,,3.0,,,,,,,1.0,,,,,5.0,,5.0,1.0,,,,,,,,1.0,9.0,,,,,41.0,,,,,,,,,1.0,,,2.0,4.0,,,,11.0,,,,,5.0,1.0,1.0,,,,26.0,,,3.0,,1.0,2.0,,,,1.0,,1.0,,3.0,118.0,,1.0,,,,6.0,,,20.0,Age
39,833,39,121.0,,,,2.0,,,,,7.0,1.0,,,,,,,,,,,,,,,,,,,1.0,,,1.0,,,,,,,,,,,,,,,,,,1.0,,1.0,,,,,1.0,,,,,1.0,,,,,,,,,,2.0,,,,,,,,,,,,,,,,,,1.0,,,,,,,,,,,,,,1.0,,,1.0,,,,2.0,2.0,,,,2.0,,,,,,,,,,,,,1.0,,,,,1.0,,,1.0,,,,,1.0,,1.0,,,,,,4.0,,,,,,5.0,,,1.0,,,,8.0,,,,1.0,6.0,,,3.0,22.0,,,,5.0,,,,22.0,,1.0,,3.0,,,2.0,82.0,,,,,,29.0,,,1.0,,63.0,,,,,,,,,,,1.0,1.0,,,,,,,,,,,5.0,,,,,,4.0,,,,,,,,1.0,,,,,,1.0,,,,,1.0,,,1.0,1.0,,,,,,,,,,,,1.0,,3.0,,,,,,,,,1.0,,1.0,,,,,,,1.0,,,,,2.0,2.0,,,1.0,,,1.0,,1.0,1.0,,,5.0,,1.0,,,12.0,,,,1.0,17.0,,,,,6.0,,,,5.0,,,,1.0,,,,,,,,,1.0,1.0,,,,,,,,2.0,,,3.0,,,,,,1.0,2.0,,,,3.0,1.0,,1.0,,,,,,1.0,1.0,,,1.0,,,,2.0,,7.0,,,,,16.0,,,1.0,,,2.0,,,,,,1.0,1.0,,,,,,,1.0,,,,,,,,,4.0,1.0,,,,,,,,,,,1.0,,,1.0,3.0,,8.0,,,,3.0,,,,1.0,1.0,9.0,,,,,57.0,,,,,,,,,1.0,,,,2.0,,,,13.0,,,1.0,,14.0,1.0,1.0,,1.0,,22.0,,,1.0,,,,,1.0,,,,1.0,,4.0,118.0,,1.0,,,,6.0,,,17.0,Age
37,819,37,114.0,1.0,,,1.0,,,,,5.0,,,,,,,,,,,,,,,,,,,,,,,,,,,,,,,,,,,,,2.0,,,,,,,1.0,,,,,,,,1.0,,,,1.0,,,,,2.0,,1.0,,,,,,,,,,,2.0,,,,,,,,,,1.0,,,,,,,,1.0,,,,,,,1.0,,,,,,,1.0,,,,,,,,,,,,,,,,,,,,,,,,,,,,1.0,,,,,,2.0,,,,,,1.0,1.0,,,1.0,1.0,,,2.0,,,,2.0,3.0,,,1.0,25.0,1.0,,,4.0,1.0,,,25.0,,2.0,,4.0,,,4.0,98.0,,,,,,25.0,,,,1.0,77.0,,,,,,,,,,,,,,1.0,,,,,,,,,2.0,,,,,,4.0,,,,,,,,,,,,,,,,,1.0,,,,,,,,,,,,,,,,,1.0,1.0,,,,,,,,,,,,,,,,,,1.0,,2.0,,1.0,1.0,,,2.0,,,,,,2.0,1.0,,,,,1.0,,,1.0,,8.0,,,,1.0,26.0,,,,1.0,1.0,,,,2.0,,,,4.0,,,,1.0,,,,,,,,,,,,,,4.0,,,2.0,,,,,1.0,,,,,,1.0,,,,,,,,,,1.0,,,3.0,,,,,,8.0,,,1.0,,23.0,,,1.0,,,3.0,,,,,,,1.0,,,,,1.0,,,,,,,,,,,9.0,1.0,,,1.0,,,,,,,,,,,,5.0,,11.0,,,,2.0,,,,,1.0,6.0,,,,1.0,49.0,,,,,,,,,,,,1.0,10.0,,,,11.0,,,,,8.0,2.0,3.0,,,,35.0,,,,,,,,,,,,2.0,,1.0,107.0,,,,,,4.0,,,16.0,Age
38,799,38,128.0,,1.0,,2.0,,,,,4.0,1.0,,,,,,,,,,,,,,,,,,,,,,,,,,1.0,,,,,,,,,,,,,,,,,,,,,1.0,,,,1.0,1.0,,,1.0,,,,1.0,1.0,,,,1.0,,,,,,,,,,1.0,,,,,,1.0,,,,,,,,,1.0,,1.0,,,,,,,,,,,1.0,,,,3.0,,,,,,,,,,,,,,,,,,,,,,,,,,,,,,,,,2.0,1.0,,,,,1.0,1.0,,,,,,,,,,1.0,1.0,8.0,,,1.0,25.0,1.0,,,4.0,,,,33.0,,1.0,,,,,4.0,77.0,,,,,,25.0,,,1.0,,81.0,,,,,,,,,,,,,,,,1.0,,,,,,,4.0,,,1.0,,,3.0,,,,,,,,,,,,1.0,,,,,,,1.0,,,,,,,1.0,,,1.0,,,1.0,,,,,,,1.0,,,,1.0,,,,,1.0,,,,,,,,,,,,,3.0,,,1.0,,,3.0,1.0,,,,,1.0,,,,,7.0,,,,,18.0,,,,,3.0,,,,3.0,,,,1.0,,,,,,,,,,,,,,,,,,1.0,,1.0,5.0,,,,,,,1.0,,,,1.0,4.0,,,,,,,,1.0,1.0,,,3.0,,1.0,,,1.0,5.0,,,,,19.0,,,3.0,,,2.0,1.0,,,,,,,,,,,,,,,1.0,,,,2.0,,,7.0,,,,2.0,,,,,,,,,,,,3.0,,15.0,,1.0,,3.0,,,,,1.0,8.0,,,,,50.0,,,,,,,,,,,,1.0,5.0,,,,11.0,,,1.0,,7.0,1.0,,,,,17.0,,,1.0,1.0,,,,,,,,,,5.0,109.0,,1.0,,,,5.0,1.0,,12.0,Age
53,759,53,121.0,,1.0,,,,2.0,,,7.0,,,,,,,,1.0,,,,,,,,,,1.0,,,,,,,,,,,,,,,,,,,,,,,,,,,,,1.0,,1.0,,,,,,,,,,,,1.0,,2.0,,2.0,,,,,,,,,,,,,,,,,,,,,,,1.0,,,,,,,,,,,,,,,2.0,,,,,,,,,,,,,,,,,,,,,,,1.0,,,,,,,,,1.0,,,,,1.0,2.0,,,,,,2.0,,,1.0,,,,,,,,,7.0,3.0,,1.0,38.0,1.0,,,3.0,,,,24.0,,,,2.0,,,2.0,78.0,,,,,,19.0,,,1.0,,56.0,,,,,,,,,,,,,,1.0,,,,1.0,,,,,1.0,,,,,,3.0,,,,,,,,,1.0,,,,,,,,,,,,,,1.0,,,,,,,1.0,,,,,1.0,,,,,,,,,,,1.0,,,,,,,,,2.0,,,,1.0,4.0,2.0,1.0,,,,1.0,1.0,,,,,,2.0,,,,,7.0,,,,,19.0,,1.0,,1.0,2.0,,,,1.0,,,,5.0,,,,,,,,,,,,,,,,,,,,,1.0,,,,,,,3.0,,,,1.0,2.0,,,,,1.0,,,,,,,,,1.0,,,,7.0,,,,1.0,22.0,,,1.0,,,,,,1.0,,,,,,,,,,,,,1.0,,1.0,,3.0,,,6.0,2.0,,,1.0,,,,,,,1.0,,,,1.0,4.0,,10.0,,2.0,,,,,,,,6.0,,,,,34.0,,1.0,,,,1.0,,,2.0,,,,5.0,,1.0,1.0,12.0,,,1.0,,12.0,1.0,2.0,,,,22.0,,,,,1.0,1.0,,,,,,1.0,,2.0,117.0,,1.0,,,,9.0,,,6.0,Age
55,701,55,120.0,,,,,,,,,3.0,,,,,,,,,,,,,,,,,,,,,,,,,,,,,,,,,,,,,,,,,,,,1.0,,,,,,,,,,,,,,,,,1.0,,3.0,,,,,,,,,,,,,,,,,,1.0,,2.0,,,,1.0,,,,,,,,,,,,,,,,1.0,,,,,1.0,1.0,,,,,,,,,,,,,,,,3.0,,1.0,,,,,,,,,,,,1.0,,2.0,,,,1.0,2.0,,,,1.0,,,,1.0,,,,1.0,6.0,,,2.0,31.0,,,,1.0,,,,16.0,,1.0,,4.0,,,1.0,68.0,,,,,,25.0,,,,,54.0,,,1.0,,,,,,,,,,,,,1.0,,,1.0,,,,3.0,,,1.0,,,3.0,,,,,,,,,,,,,,,,,,,,,,,1.0,,1.0,,,,,,,,,,4.0,,2.0,,,,,,,,,,,,,,,,,1.0,1.0,,,,,1.0,6.0,,,,,,,,,1.0,,,2.0,,,,1.0,4.0,,,,,15.0,,,,,3.0,1.0,,,1.0,,,,1.0,,,,,,,1.0,1.0,,,,,,,,,,,,,1.0,,,,,,,1.0,,,,1.0,2.0,,,,1.0,,,,,,,,2.0,,1.0,,,,9.0,,,,,8.0,,,,,,1.0,,,,,,,1.0,,,,1.0,,,,,,,,,2.0,,1.0,8.0,2.0,,,1.0,,,,,,,,,,1.0,,6.0,,5.0,,,,1.0,,1.0,,,,13.0,,,,,41.0,,,,,,,,,,,,,6.0,,,,8.0,,,1.0,,7.0,1.0,2.0,,,,35.0,,,2.0,,,,,,,,,1.0,,2.0,98.0,,1.0,,,,3.0,,,8.0,Age
54,698,54,114.0,,,,,,1.0,,,3.0,,,,,,,,,,,,,,,,,,,,,,,,,,,,,,,,,,,,,,,,,,,,,,,,,,,,,,,,,,,,,1.0,,1.0,,,,,,,1.0,,,,,,,,,,,1.0,,,,,,,,,,,,,,1.0,,,1.0,,,,,1.0,,,,,,,,,,,,,,1.0,,,,,,,,,,,,,,,,,,,1.0,,,,,3.0,,,,,,1.0,,,1.0,1.0,,,,,,,4.0,3.0,,,2.0,21.0,1.0,,,2.0,,,,17.0,,3.0,,2.0,,,,60.0,,,,,,29.0,,,,,71.0,,,,,1.0,,,,,,1.0,,,,,,,,,,1.0,,2.0,,,,,,3.0,,,,,,,,,,,1.0,,,,,,,,,,,,2.0,,,,,,,,,,,,,,1.0,,,,,,,,,,,1.0,,,,,,1.0,2.0,,,,,1.0,1.0,,,1.0,,1.0,,1.0,,,,,1.0,,,,1.0,9.0,,,,,14.0,,,,,,,1.0,,1.0,,,,3.0,,,,1.0,,,,,,,,,,1.0,,,,1.0,,1.0,,,,,,,,1.0,,,,2.0,1.0,,,,,,,,2.0,1.0,,,,,,,,,6.0,,1.0,,,10.0,,,3.0,,,,,,,,,,2.0,,,,,,,2.0,,,,,,,,,7.0,,,,3.0,,,,,,,,,,,,8.0,,14.0,1.0,,,3.0,,,,,,5.0,,,,,37.0,,1.0,,,,,,,3.0,,,,9.0,,,,15.0,,,1.0,,12.0,1.0,1.0,,,,14.0,1.0,,3.0,,,,,,,,,2.0,,1.0,104.0,,2.0,,,,4.0,,,12.0,Age
56,635,56,95.0,,,,2.0,,,,,3.0,,,,,,,,,,,1.0,,,,,,,,,,,,,,,,,,,,,,,,,,,,,,,,,1.0,1.0,,,,,1.0,,,,,,1.0,,,,,,,1.0,,,,,,,,,,,,,,,1.0,,,,,,,,,,,,,,,,,1.0,,,,,,,,1.0,,,,1.0,,,,,,,,,,,,,,,,,,1.0,,2.0,,,,,,,1.0,,,,,,,3.0,,,,,,1.0,,,,,,,1.0,,,,,8.0,,,1.0,23.0,,,,7.0,,,1.0,18.0,,,,1.0,,,2.0,61.0,,,,,,21.0,,,,,47.0,,,,,,,,,,,,,,,,,,,,,2.0,,3.0,,,,,1.0,1.0,,,,,,,,,,1.0,1.0,,,,,,,,,,,,,,,,,,,,,,,,1.0,,,,,,,,,,,,,,,,,,,,,,,,,,1.0,,,,,,,1.0,,1.0,,,2.0,,,,1.0,6.0,,,,,16.0,,,,,1.0,,,,2.0,,,,,,,,1.0,,,,,,,,,,1.0,,,,,,,1.0,,,,,,,1.0,,,,2.0,,,,,,,,,,1.0,,,1.0,,1.0,,,,4.0,,,,,15.0,,,1.0,,,,,,,,,1.0,,,,,,,,,,,,,,,,,3.0,,,1.0,1.0,,,,,,,,,,,,4.0,,11.0,,1.0,1.0,,,,,,1.0,12.0,,,,,47.0,,,,,,,,,,,,,9.0,,,,7.0,,,1.0,,14.0,,2.0,,,,27.0,,,1.0,,,3.0,,1.0,,,,,,3.0,88.0,,1.0,,,,5.0,,,11.0,Age
57,608,57,105.0,,,,,,,,,2.0,,,,,,,,,,,,,,,,,,,,,,,,,,,1.0,1.0,,,,,,,,,,,,1.0,,,,,,,1.0,,,,,,,,,,,,,,,1.0,1.0,,,,,,,,,,,,,,,1.0,,,,,,,,,,,,,,1.0,,,,,,1.0,,,,,1.0,,,,1.0,,,,,,,,,,,,,,,,,,,1.0,1.0,,,,,,,1.0,1.0,,,,1.0,,1.0,,,,,,,,1.0,,,,,1.0,,,,,4.0,,,1.0,18.0,,,,5.0,,,,20.0,,3.0,,2.0,,,2.0,59.0,,,,,,23.0,,,,,44.0,,,,,,,,,,,,,,,,1.0,,,,,,,1.0,,,,,,3.0,,,,,,,,,,,,,,,,1.0,1.0,,,,,1.0,,,,,,,,,,,1.0,,,,1.0,,,,,,,,,,,,,,,,,2.0,,,,,,1.0,4.0,,,,,,2.0,,,,,,,,,,,5.0,,,,1.0,14.0,,,,,1.0,,,,2.0,,,1.0,,,,,,,,,,,,,,1.0,,,,,3.0,,1.0,1.0,,,,,,,,,,,3.0,3.0,,,,,,,,,,,1.0,1.0,,2.0,,,,7.0,,,,,12.0,,,2.0,,,2.0,,,,,,,1.0,,,,1.0,,,1.0,,,,,,,,,2.0,,,,1.0,,,,,,,,,,,,5.0,,2.0,,,,,,,,,,9.0,,,,,33.0,,,,,,1.0,,,,,,,5.0,,,,19.0,,,,,4.0,1.0,,,,,21.0,,,2.0,,,1.0,,,,,,2.0,,6.0,83.0,,,,1.0,,4.0,,,14.0,Age
58,543,58,80.0,,,,,,1.0,,,4.0,1.0,,,,,,,,,,,,,,,,,,,,,,,,,,,,,,,1.0,,,,,,,,,,,1.0,,,,1.0,,,,,,,,,,,,,,,,,,,,,,,,,,,,,,,,,,,,,,,,,,,,,1.0,,,,,,,,,,1.0,,,,,,,,,,,1.0,,,,,,,,,,,,,,,,,,,,,1.0,1.0,,,,,,1.0,,,,,2.0,,,,,1.0,,,3.0,,,,1.0,1.0,,1.0,2.0,22.0,,,,,1.0,,1.0,15.0,,,,2.0,,,4.0,46.0,,,,,,18.0,,,,,53.0,,,,,,,,,,,,,,,,,,,,,,,1.0,,,1.0,,,,,,,,1.0,,,,,,,,,,,1.0,,,,,,,,,,,,,,,,,,,,,,,,,,,,,,,,,,,,,,,1.0,,,,,1.0,3.0,,,,1.0,,2.0,1.0,,1.0,,,1.0,,,,,2.0,,,,,10.0,,,,,3.0,,,,1.0,,,,1.0,,,,1.0,,,1.0,,,,1.0,,,,,,,1.0,,,2.0,,,,,,1.0,,1.0,,,3.0,2.0,,,,,,,,,,,,1.0,,1.0,,,,6.0,,,,1.0,13.0,,,3.0,,,1.0,,,,,,,,,,,,,,2.0,1.0,,,,,1.0,,,5.0,,,,1.0,,,,,,,1.0,,,,,3.0,,4.0,,1.0,1.0,1.0,,,,,1.0,5.0,,,,1.0,30.0,,1.0,,,,2.0,,,,,,,2.0,,,,9.0,,,,,13.0,1.0,2.0,,,,19.0,,,,,,,,1.0,,,,,,2.0,83.0,,,1.0,,,3.0,,,7.0,Age
59,531,59,72.0,,,,3.0,,1.0,,,4.0,,,,,,,,,,,1.0,,,,,,,,,,,,,,,,,,,,,,,,,,,,1.0,,,,,1.0,,,,2.0,,,,,,,,,,,,,1.0,,1.0,,,,,,,,,,,,,,,,,,1.0,,,,,,,,,,,,,,,,,,,,,,,1.0,1.0,,,,,1.0,,,,,,,,,,,,,,,1.0,,,,,,,,,,,,,,,,1.0,,,,,1.0,,,,1.0,,,,2.0,,,,1.0,2.0,,,3.0,17.0,,,,3.0,,,,16.0,,1.0,,2.0,,,1.0,70.0,,,,,,12.0,,,,,42.0,,,,,,,,,,,,,,,,,,,,,,,,,,1.0,,,2.0,1.0,,,,,,,,,,,,,,,,,,,,,,1.0,,,,,,,,,,,,,,2.0,,,,,,1.0,,,,,,,,,,,1.0,,,,,,3.0,1.0,,,,,,1.0,1.0,,1.0,,,2.0,,,,,4.0,,,,,12.0,,,,,3.0,,,1.0,3.0,,,,1.0,,,,,,,,,,,,,,1.0,,,1.0,2.0,,,,,,,,,1.0,2.0,,,1.0,2.0,1.0,,,,,,,,1.0,1.0,,,1.0,,,,,,7.0,,,,1.0,15.0,,,1.0,,,,,,,,,1.0,,,,,,,,1.0,,1.0,,,,2.0,,1.0,4.0,,,,1.0,,,,,,,,,,,,4.0,,7.0,,1.0,,,,,,,,9.0,,,,,32.0,,2.0,,,,,,,,,,1.0,,,,,6.0,,,1.0,,9.0,2.0,,,,,19.0,,,1.0,,,,,,,1.0,,1.0,1.0,1.0,64.0,,,,,,1.0,,,10.0,Age
24,308,24,33.0,,,,1.0,,,,,2.0,1.0,,,,,,,,,,,,,,,,,,,,,,,,,,,,,,,,,,,,,,,,,,,,,,,1.0,,,,,,,,,,,,,1.0,,,,,,,,,,,,,,,,,,,,1.0,,,,,,,,,,,,,,,,,,,,,,,,,,,,,,,,,,,,,,,,,,,,,,,,,,,,,,,,,,,,2.0,,,,1.0,1.0,,,,,,,,1.0,,,,3.0,1.0,,,1.0,8.0,,1.0,,4.0,,,,8.0,,,,3.0,,,1.0,29.0,,,,,,10.0,,,,,31.0,,,,,,,,,,,,,,,,,,,,,,,1.0,,,,,,,,,,,,,,,,,,,,,,,,,,,,,,,,,,,,1.0,,,,,,,1.0,1.0,,,,,,,,,,1.0,,,,,,,1.0,,,,,1.0,1.0,,,,,,,,,,,,,,,,,3.0,,,,,10.0,,,,,1.0,,,,1.0,,,,,1.0,,,,,,,,,,,,,1.0,,,,1.0,,,,,,,,,,,,,,1.0,,,,,,,,,,1.0,,1.0,2.0,,,,,,3.0,,,,1.0,11.0,,,,,,,,,,,,,,1.0,,,,,,,,1.0,,,1.0,,,,1.0,,,,,,,,,,,,,,,,2.0,,2.0,,3.0,,,,,,1.0,1.0,2.0,,,,,18.0,,,,,,1.0,,,,,,,2.0,1.0,,,6.0,,,1.0,,5.0,,,,,,6.0,,,1.0,1.0,,1.0,,,,,,1.0,,1.0,52.0,,,,,,2.0,,,3.0,Age
12,4528,12,453.0,,,,2.0,,,,,6.0,2.0,1.0,4.0,,,,,,,,,,,,,,,,,,,,,,,,,,,,,,,,,1.0,,,,,,,,,,,,1.0,,,,,,,,1.0,,,,,2.0,,2.0,,,,,,,1.0,,,,,,,,,,,,,2.0,,,,,,,,1.0,2.0,,,1.0,,,1.0,,,,1.0,,,,,3.0,,1.0,,,1.0,,,,,,,,,,,,,,,2.0,,,,,,,,2.0,,,,,1.0,13.0,,,,,2.0,10.0,,,2.0,,,,,,,,1.0,8.0,1.0,1.0,5.0,141.0,,,,4.0,1.0,,2.0,105.0,,4.0,,3.0,,,2.0,109.0,,,,,,218.0,,,2.0,6.0,1912.0,,,,,,,1.0,,,,,,,,,,,1.0,,,1.0,,6.0,,,1.0,,,1.0,,,,,,,,,,,,,,,,,1.0,,,,,,,,,1.0,,,,,,,,,1.0,,1.0,,,,,,,,,1.0,,,,,,,,,6.0,,,,,,7.0,,,,,,,1.0,,,,,,1.0,,,,7.0,,,,,61.0,,,,,9.0,,,,1.0,,1.0,,4.0,2.0,,,,,,,,,,1.0,,,,,,,2.0,1.0,,8.0,1.0,,,,,,3.0,,,,4.0,8.0,,,,,,,,1.0,5.0,,,3.0,,,,,1.0,21.0,,,1.0,,113.0,,1.0,4.0,,,3.0,,,1.0,,,,1.0,,,,,1.0,,,,,,,1.0,1.0,,,44.0,,,,1.0,2.0,1.0,,,,,,,1.0,,,10.0,,71.0,,,,,,,,1.0,1.0,34.0,,,,1.0,312.0,,,1.0,,,,,,,,,,16.0,,,1.0,68.0,,,4.0,,20.0,2.0,,,,,12.0,,,7.0,4.0,,9.0,,,,,,,,8.0,418.0,,1.0,,1.0,,34.0,,1.0,94.0,Vintage
13,3276,13,396.0,,1.0,,8.0,,,,,30.0,2.0,,,1.0,,,,1.0,1.0,,,1.0,,,,,,,,1.0,,,,,,,1.0,,,,,,,,,,1.0,,,,,,1.0,2.0,,,1.0,2.0,,,,,,,,,,,,,,1.0,1.0,,,,,,,,,,,1.0,1.0,1.0,1.0,,,,1.0,,,,,,3.0,2.0,,,,1.0,,,,,,1.0,1.0,,,,,1.0,,1.0,6.0,1.0,1.0,,,,,,,,,,,,,,,,4.0,1.0,1.0,,,,,,,3.0,3.0,,,,,2.0,7.0,1.0,,,,4.0,5.0,,1.0,2.0,,1.0,,1.0,,,,4.0,14.0,2.0,,15.0,88.0,,,,23.0,,,2.0,93.0,1.0,14.0,,10.0,2.0,,10.0,568.0,,,,,,68.0,,,4.0,,126.0,,1.0,,,,,,,,,,3.0,1.0,,,1.0,,,,,1.0,,17.0,,,1.0,1.0,,5.0,,1.0,,,,,,,,,,,,,,,,,1.0,,,,,,,,,,,,,,,,1.0,,2.0,,,,,,1.0,,,,,,,,,,,2.0,4.0,,,,,,5.0,,,,,,1.0,1.0,,2.0,,,,,,,1.0,14.0,,,,1.0,32.0,,,,1.0,18.0,,,,13.0,,,1.0,10.0,1.0,,,,,,,,1.0,,,,,,,1.0,,3.0,,,11.0,,,1.0,,,2.0,5.0,,,,4.0,14.0,,,,,,,,2.0,8.0,,1.0,5.0,,2.0,,,1.0,28.0,,2.0,,2.0,79.0,,,5.0,,,6.0,,,,,,1.0,3.0,,,,1.0,1.0,,,,,,,,4.0,2.0,3.0,30.0,2.0,,,8.0,,,,,,,,,,,1.0,13.0,,55.0,,1.0,1.0,3.0,,,,1.0,7.0,48.0,,,,,273.0,,1.0,,1.0,,2.0,,,1.0,,,2.0,14.0,,,1.0,56.0,,,2.0,,49.0,1.0,2.0,,,1.0,76.0,,,3.0,2.0,1.0,5.0,1.0,4.0,,,,1.0,,19.0,434.0,1.0,4.0,1.0,,,133.0,,,118.0,Vintage
15,3248,15,421.0,,1.0,,9.0,1.0,1.0,,,13.0,1.0,,,,,,,2.0,,,,,,,,,,,,1.0,,1.0,,,,,,,,,,1.0,,,,,,,,,,,,4.0,,,,,,,,,2.0,,1.0,1.0,,,,,1.0,,7.0,,4.0,,,,2.0,1.0,,,,2.0,,,,1.0,,1.0,3.0,,2.0,,,1.0,1.0,,,1.0,,1.0,1.0,,2.0,,,,1.0,,,1.0,5.0,,,,4.0,,1.0,,,,,,,,1.0,,,,1.0,1.0,,,2.0,1.0,3.0,,,,,,,3.0,4.0,1.0,,,1.0,1.0,8.0,1.0,,,,3.0,2.0,,2.0,5.0,,,,3.0,,1.0,1.0,4.0,24.0,,,8.0,49.0,,,2.0,31.0,,,,131.0,2.0,26.0,,3.0,,,13.0,516.0,,,,,,17.0,,,2.0,,35.0,,2.0,,,,,1.0,,,1.0,,1.0,,,,,1.0,1.0,,,4.0,,23.0,,,2.0,2.0,,12.0,,,,,,,,,1.0,,,,,,,,1.0,,2.0,,,,1.0,,,2.0,,,,,,,,1.0,3.0,,7.0,,,,,,,,1.0,,1.0,1.0,,,,,,,5.0,,,,,10.0,11.0,,,1.0,,,7.0,5.0,,1.0,,,3.0,,,,,14.0,,,,,46.0,,,,2.0,30.0,1.0,,1.0,19.0,1.0,,,13.0,1.0,,,,,,2.0,1.0,,,6.0,,1.0,3.0,1.0,,1.0,13.0,1.0,2.0,10.0,1.0,1.0,,,1.0,2.0,7.0,1.0,1.0,,7.0,7.0,,,,1.0,,,,7.0,1.0,,,9.0,,4.0,,1.0,1.0,43.0,,1.0,,5.0,99.0,,,6.0,1.0,,5.0,,,,2.0,,1.0,2.0,1.0,,1.0,2.0,,1.0,3.0,,1.0,,1.0,2.0,10.0,,4.0,20.0,5.0,,,5.0,,,,,,,3.0,2.0,,,1.0,25.0,2.0,39.0,1.0,7.0,,4.0,,2.0,,,4.0,53.0,,,,,184.0,1.0,1.0,,,,5.0,,,6.0,,,3.0,23.0,,,,40.0,,1.0,5.0,,89.0,11.0,2.0,2.0,,2.0,165.0,,,4.0,1.0,,3.0,,3.0,,,,6.0,,13.0,475.0,1.0,2.0,2.0,,,14.0,1.0,1.0,72.0,Vintage
16,2999,16,381.0,,,,3.0,1.0,,,,17.0,,,,,,1.0,,1.0,,,,,1.0,,,,,,,,,1.0,,1.0,,,,,1.0,,,,,1.0,1.0,,,,,,,,,,,,1.0,1.0,,,,,1.0,,,,1.0,,,,7.0,,3.0,1.0,,,,,,,,1.0,,,,1.0,,,,,1.0,,4.0,,,1.0,,,,1.0,,,,,1.0,2.0,,,,1.0,,1.0,4.0,1.0,,,4.0,,,1.0,,,,,,,,,,,,,1.0,,3.0,,3.0,,,,,,,,2.0,,1.0,,1.0,2.0,4.0,,,,,4.0,1.0,,,6.0,,,,4.0,,,,6.0,18.0,,3.0,5.0,37.0,2.0,,,34.0,1.0,,,97.0,1.0,23.0,,4.0,1.0,,11.0,509.0,,,,,,28.0,,1.0,2.0,,45.0,,1.0,2.0,,,,,,1.0,1.0,2.0,2.0,,,1.0,,1.0,,1.0,1.0,6.0,,14.0,,,4.0,1.0,,19.0,,,,3.0,,1.0,,,2.0,,,,,,,,2.0,1.0,2.0,,,,3.0,,,1.0,,,,,1.0,,,,2.0,1.0,3.0,1.0,,1.0,1.0,,1.0,,,,,2.0,,,,,,1.0,6.0,,,1.0,,10.0,5.0,,,2.0,,,2.0,2.0,,4.0,,,5.0,,,,1.0,30.0,,,,1.0,47.0,,,,3.0,17.0,2.0,,1.0,12.0,,,,13.0,,,,,1.0,,2.0,1.0,,,1.0,,,5.0,,,1.0,6.0,,1.0,12.0,,,,1.0,,3.0,7.0,,,,8.0,10.0,,1.0,,,,,1.0,3.0,2.0,,1.0,18.0,1.0,3.0,,,3.0,57.0,,,1.0,1.0,72.0,,,7.0,,,6.0,,,,,1.0,2.0,,,,,,,,1.0,,1.0,,1.0,,4.0,2.0,1.0,26.0,3.0,1.0,,5.0,,,1.0,,,,2.0,,,,1.0,26.0,,35.0,,5.0,,10.0,,,,,2.0,57.0,,1.0,,,189.0,1.0,2.0,,,1.0,2.0,,,,,,3.0,18.0,,,,29.0,,,7.0,,49.0,6.0,1.0,,4.0,1.0,150.0,,,2.0,,1.0,2.0,1.0,2.0,,,,3.0,1.0,13.0,450.0,1.0,2.0,1.0,,1.0,19.0,,,54.0,Vintage
14,2984,14,371.0,,2.0,,8.0,1.0,,,,16.0,,,,,,,1.0,,,,2.0,,,,,,,,,,1.0,,,,,,1.0,,,,,,,,,,1.0,,,,,,,,,,,,,,,,,,,,,,,,2.0,,7.0,,1.0,1.0,2.0,1.0,,1.0,,,1.0,,,,,1.0,,,1.0,2.0,1.0,,,,1.0,,,1.0,,1.0,,,,,,,,,,1.0,8.0,,,,2.0,,1.0,,,,,,,,,,,,,,,1.0,1.0,1.0,,1.0,,,1.0,,,1.0,2.0,1.0,,,,,12.0,,,,,1.0,3.0,,,3.0,,,,,,2.0,,5.0,23.0,1.0,2.0,9.0,62.0,1.0,1.0,,31.0,1.0,,,107.0,,16.0,,6.0,,1.0,14.0,519.0,,,,,,24.0,,,1.0,,36.0,,1.0,,,,,1.0,1.0,,,1.0,1.0,,,,2.0,,1.0,,,4.0,,25.0,,1.0,1.0,,,6.0,,,,2.0,,,,,,,,,,,,1.0,,,1.0,,,,1.0,,1.0,2.0,,,,1.0,,,,,3.0,,3.0,,,,,1.0,,,,2.0,,1.0,,,,,,4.0,5.0,,,1.0,,2.0,7.0,,,,,1.0,1.0,1.0,,4.0,,,2.0,,,,2.0,7.0,,,,,41.0,,,,1.0,21.0,,,,16.0,,,,6.0,,,1.0,,,1.0,1.0,1.0,1.0,,1.0,,,2.0,,,,3.0,1.0,,11.0,,,,,,3.0,3.0,1.0,,,12.0,11.0,,1.0,,,,,,8.0,6.0,1.0,,11.0,,2.0,,1.0,1.0,28.0,,1.0,,,88.0,,,7.0,,,12.0,,,1.0,,,,,,,,,1.0,,7.0,,,,,,6.0,,1.0,29.0,2.0,1.0,,8.0,,,,,,,2.0,,1.0,,,26.0,,34.0,,5.0,,2.0,,1.0,,,2.0,39.0,,,,3.0,167.0,1.0,3.0,,,,3.0,,,,1.0,1.0,1.0,32.0,,1.0,,51.0,,,5.0,,62.0,12.0,1.0,,2.0,2.0,134.0,,,3.0,,1.0,1.0,1.0,,,,,3.0,,12.0,481.0,1.0,2.0,,,,24.0,,,69.0,Vintage
11,2569,11,503.0,,1.0,1.0,4.0,,,,,,,,2.0,,,,,,,,,,,,,,,,,,,,,,,,,,,,,,,,,,,,,,,,,,,,,,,,,,,,,,,,,,,,4.0,,,,,,,,,,,,,,,,,,,,,,,,,,,,,,,,,,,,,,,,,,,,4.0,,,,,,,,,,,,,,,,,,,,,,,,,,,,,,,,,,5.0,,,,,,1.0,,,,,,,,,,,1.0,7.0,,,,126.0,,,,,,,1.0,117.0,,3.0,,,,,1.0,32.0,,,,,,73.0,,,2.0,,674.0,,,,,,,,,,,,,,,,,,,,,,,,,,,,,,1.0,,,,,,,,,,,,,,,,,,,,,,,,,1.0,,,,,,,,,,,2.0,,,,,,,,,,,,,,,,,,,,,,,1.0,4.0,,,,,,,,,,,,,,,,,,,,,,36.0,,,,,6.0,,,,1.0,,,,,,,,1.0,,,,,,,,,,,,,,2.0,,1.0,10.0,,,,,,,,,,,2.0,9.0,,,,,,,,1.0,,,,1.0,,,,,,10.0,,,,,87.0,,,2.0,,,3.0,,,,,,,,,,,1.0,,,1.0,,,,,,1.0,,,45.0,1.0,,,,,2.0,,,,,,,,,,2.0,,38.0,,,,,,,,,,11.0,,,,1.0,236.0,,,,,,,,,,,,,7.0,,,,74.0,,,,,5.0,,,,,,,,,1.0,3.0,,2.0,,,,,,,,3.0,342.0,,1.0,,,,,,2.0,47.0,Vintage
17,2058,17,341.0,,1.0,,3.0,,,,,4.0,,,,,,,,3.0,,,,,,,,1.0,,,1.0,1.0,,1.0,,,,,1.0,,,,,,,,,1.0,2.0,,,,,,,1.0,,1.0,,2.0,,,,,,,,,,,,1.0,1.0,,1.0,,1.0,,,,,,,,,,,1.0,1.0,3.0,,,2.0,,1.0,,,,1.0,,,,,2.0,,,,1.0,,,1.0,,,,,,,1.0,1.0,,,,,,,,,,,,,,,,,1.0,1.0,,1.0,,,,,,,2.0,1.0,,,,1.0,6.0,12.0,,,,,2.0,4.0,,1.0,,,,,3.0,,1.0,,3.0,12.0,,,2.0,40.0,1.0,1.0,,10.0,,,1.0,54.0,,14.0,,1.0,,,10.0,118.0,,,,,,29.0,,,2.0,,104.0,,,,,1.0,1.0,,,1.0,,,1.0,,2.0,,2.0,,,,,3.0,,19.0,,1.0,4.0,,,4.0,,,1.0,,,1.0,,,1.0,2.0,,,1.0,1.0,,,,,1.0,1.0,,,1.0,,2.0,1.0,,,,1.0,,,,,2.0,,3.0,,1.0,,,,1.0,,,,,1.0,1.0,,,,,3.0,3.0,,,,,4.0,5.0,,,,,,2.0,,,1.0,,,1.0,,,,2.0,21.0,,,,,44.0,1.0,,,1.0,8.0,,1.0,,3.0,,,,5.0,,,,,,1.0,1.0,,,,2.0,1.0,,5.0,,,,8.0,,,5.0,,,,,,6.0,5.0,,,1.0,9.0,3.0,,,,1.0,,,,3.0,,,1.0,11.0,,2.0,,,1.0,13.0,,,,4.0,40.0,1.0,,4.0,,,2.0,,1.0,1.0,1.0,1.0,1.0,1.0,,,,1.0,,,2.0,,2.0,1.0,,1.0,1.0,,,12.0,2.0,,,9.0,,1.0,,,,,3.0,2.0,,,1.0,24.0,1.0,30.0,,10.0,,8.0,,1.0,,,1.0,47.0,,,,,177.0,1.0,1.0,,,,6.0,,,2.0,2.0,,2.0,18.0,,,,41.0,1.0,,4.0,,30.0,5.0,2.0,,,2.0,72.0,,1.0,4.0,,,,,1.0,,,,3.0,,3.0,369.0,1.0,2.0,1.0,,,6.0,,,17.0,Vintage
18,1542,18,277.0,,1.0,,2.0,1.0,,,,7.0,,,1.0,,1.0,,,,,,,,,,,,1.0,,,,,,,,,,,,,1.0,,,,,,,1.0,,,,,,1.0,2.0,,,1.0,1.0,,,,,,,,,,,,1.0,1.0,,2.0,,1.0,,,,,,,,,,,,,1.0,,,3.0,,,,,1.0,,1.0,1.0,2.0,,1.0,,,,1.0,,2.0,,,,,,,,,,,1.0,,,,,,,,,,,,,,,,3.0,,2.0,,,,,,,3.0,,,1.0,,,1.0,2.0,,,,,3.0,3.0,,,3.0,,,,4.0,,,1.0,2.0,5.0,1.0,1.0,3.0,27.0,1.0,,,15.0,1.0,,,57.0,,5.0,,4.0,,,8.0,42.0,,,,,,53.0,,,,,78.0,,1.0,1.0,1.0,1.0,,,,,,,1.0,,1.0,,,,,,,2.0,,12.0,1.0,,,1.0,,5.0,,,,2.0,1.0,,,,,,,,,1.0,,,,,1.0,,1.0,,2.0,,2.0,3.0,,1.0,1.0,1.0,,,,1.0,2.0,,1.0,,,,,,,,,,,,,,1.0,1.0,,1.0,3.0,1.0,,,1.0,8.0,6.0,,,,,,2.0,3.0,,,,,3.0,,,,1.0,10.0,,,,,47.0,,,,1.0,6.0,,,,5.0,,1.0,,3.0,,,,2.0,,,2.0,3.0,1.0,,1.0,,,2.0,,,,1.0,,,1.0,,,2.0,,,1.0,2.0,,,,6.0,7.0,,,,,,,,5.0,3.0,,,5.0,,2.0,1.0,,,11.0,,1.0,,1.0,33.0,1.0,,4.0,1.0,,2.0,,,,,,2.0,1.0,,,,,,,,,1.0,,,1.0,1.0,,1.0,20.0,,,,6.0,,,,,,,,,,,,12.0,,19.0,,10.0,1.0,7.0,,,1.0,,4.0,35.0,,,,,124.0,,1.0,,,,1.0,1.0,,,1.0,,1.0,3.0,1.0,,,28.0,,,4.0,,19.0,3.0,1.0,,,2.0,24.0,,,,1.0,,2.0,,,,,,3.0,,5.0,281.0,1.0,3.0,,,,4.0,,,8.0,Vintage
10,1429,10,339.0,,,,1.0,,,,,,,,,,,,,,,,,,,,,,,,,,,,,,,,,,,,,,,,,,,,,,,,,,,,,,,,,,,,,,,,,,,,1.0,,,,,,,,,,,,,,,,,,,,,,,,,,,1.0,,1.0,,,,1.0,,,,,,,,,,,3.0,,,,,,,,,,,,,,,,,,,,1.0,,,,,,,,2.0,,,,,,3.0,,,,,,,,,,,,,,,,,,4.0,,,1.0,103.0,,,,,,,2.0,82.0,,,,,,,1.0,28.0,,,,,,7.0,,,,,92.0,,,,,,,,,,,,,,,,,,,,,,,,,,,,,,,,,,,,,,,,,,,,,,,,,,,,,,,,,,,,,,,,,,,,,,,,,,,,,,,,,,,,,,,,,,3.0,,,,,,,,,,,,,,,,,2.0,,,,,23.0,,,,,,,,,,,,,,,,,,,,,,,,,,,,,,,2.0,,,4.0,,,,,,,,,,,1.0,1.0,,,,,,,,1.0,1.0,,,,,,,,,5.0,,,,,58.0,,,1.0,,,,,,,,,,,,,,,,,,,,,,,1.0,,,24.0,,,,,,,,,,,,,,,,,,21.0,,,,,,,,,,13.0,,,,,160.0,,,,,,,,,,,,,,,,,42.0,,,,,4.0,,,,,,,,,,,,1.0,,,,,,,,,362.0,,,,,,,,,26.0,Vintage
19,1094,19,153.0,,,,3.0,,,,,4.0,,,,,,,,,,,2.0,,,,1.0,,,,,1.0,,,1.0,,1.0,1.0,,,,,,,,,,,,,,,,,1.0,1.0,,,,1.0,,,,,1.0,,,,,1.0,,,3.0,,1.0,,,,1.0,,,,,,,,,,,,,,,1.0,1.0,1.0,,,,,,,,1.0,,,,,,,,,,1.0,2.0,,,2.0,3.0,,,,,,,,,,,,,,,,,,1.0,,,,,,,,,,,1.0,,,1.0,1.0,1.0,,,,1.0,,,,1.0,2.0,,,,1.0,,,1.0,1.0,8.0,,,1.0,26.0,2.0,1.0,,14.0,,,,29.0,,2.0,,8.0,,,9.0,68.0,,,,,,46.0,,,1.0,1.0,62.0,1.0,,,,,,1.0,,,,,,,,,,,1.0,,,,1.0,5.0,2.0,,2.0,,,2.0,,,,,,1.0,,1.0,,1.0,,,,,,,1.0,,,,,,1.0,,,1.0,,,,1.0,,,,1.0,5.0,,3.0,,,,,,1.0,,,,,,,,,,,4.0,1.0,,,1.0,,6.0,10.0,,,,,,1.0,1.0,,1.0,,,2.0,,,,,4.0,1.0,,,3.0,53.0,,,,1.0,1.0,,,,4.0,,,,4.0,2.0,,,1.0,,,1.0,1.0,,,2.0,,,2.0,,1.0,,,,,2.0,,,,,,,1.0,1.0,,1.0,7.0,3.0,,,,,,,,,1.0,,2.0,5.0,,2.0,,1.0,,7.0,,1.0,,,19.0,1.0,,2.0,,1.0,4.0,,,1.0,,1.0,1.0,1.0,,,,,,,,,2.0,,,1.0,,,1.0,7.0,,,,3.0,,,,,,,,1.0,,,,10.0,,11.0,1.0,2.0,,3.0,,,,1.0,3.0,22.0,,,,,48.0,,,,,,2.0,,,1.0,,,,6.0,,,,7.0,1.0,,2.0,1.0,16.0,,,1.0,,1.0,41.0,,,,,,1.0,,1.0,1.0,,1.0,2.0,,7.0,186.0,,1.0,,,,9.0,,,6.0,Vintage
22,839,22,134.0,1.0,1.0,,1.0,,1.0,1.0,1.0,6.0,,,,,,,,,,,1.0,,,,,,,2.0,,,,,,,1.0,,1.0,1.0,,,,,,,,,1.0,,,,,,,,,,,,,,,3.0,,,2.0,,,,,,,,1.0,,1.0,,,,,,,,,,,,,,,,,,,,,,2.0,,,,,,,,,,,,,,,1.0,3.0,,,,3.0,,1.0,,,,,,,1.0,,,,,,,,,,,5.0,,,,,,,,,,,,2.0,1.0,2.0,,,,1.0,4.0,2.0,,1.0,2.0,,,,4.0,,,1.0,3.0,14.0,1.0,,4.0,54.0,,,,1.0,2.0,,,16.0,,,,1.0,,,2.0,89.0,,,,,,23.0,,,,,13.0,,,,,,,,,,,,,,,,,,,,,,,,,,3.0,,,6.0,,1.0,,,,1.0,,,,,,,,,1.0,,,,,,,1.0,1.0,1.0,,,,1.0,1.0,,,,,,3.0,,1.0,,,,,,,,,,,2.0,,,1.0,,1.0,1.0,2.0,,,,,3.0,6.0,,,1.0,1.0,,1.0,2.0,1.0,,,,4.0,,,1.0,1.0,16.0,,,,,33.0,,,,,4.0,,,,2.0,,,,1.0,,,1.0,2.0,,,,,1.0,,,,,,,,,1.0,,,1.0,,,,,,1.0,2.0,,,,2.0,,,,,,,,1.0,2.0,,,2.0,1.0,,2.0,1.0,,1.0,7.0,,,,1.0,15.0,1.0,,1.0,,,,,,,,1.0,1.0,1.0,,,,,,1.0,1.0,,1.0,,,,,1.0,,4.0,1.0,,,2.0,,,,,,,,,,,,5.0,,7.0,,1.0,,5.0,,,,,2.0,7.0,,,1.0,,22.0,,1.0,,,,1.0,,,,,,2.0,9.0,1.0,,1.0,3.0,,,3.0,,12.0,,1.0,,,,39.0,,,,,,,,3.0,,1.0,,1.0,,6.0,101.0,,1.0,,,,7.0,,,12.0,Vintage
23,742,23,121.0,,1.0,,2.0,,1.0,,,9.0,,,,,,,,,,,,,,,,,,,,,,,,,,,,,,,,,,,,,1.0,,,1.0,1.0,,1.0,1.0,,,1.0,,,,,1.0,1.0,,,,,,1.0,2.0,4.0,,4.0,,1.0,,,,,,,1.0,,,,,,1.0,,1.0,1.0,,,,,,,,,,,,,,,,,,,,,,,,,,2.0,1.0,,,,,,,,,1.0,,,1.0,,,,,,,,1.0,,1.0,,,,1.0,,,,,1.0,1.0,4.0,,,,,2.0,,,,,,,,4.0,,,,2.0,11.0,1.0,,5.0,54.0,,,,11.0,,1.0,,11.0,,,,5.0,,,5.0,74.0,,,,,,20.0,,,,,15.0,,,,,,,,,,,,,,,,,,,,,,,,,,,,,2.0,,,,,,,,,,,,,,,,,1.0,,,,,,,,1.0,1.0,,,,1.0,,,1.0,1.0,1.0,,1.0,,,,,1.0,,,,,,,,,1.0,,,,1.0,,,,1.0,,,,,,1.0,,2.0,,,3.0,,,1.0,,,1.0,,16.0,,1.0,,,17.0,,1.0,,,4.0,,,1.0,1.0,,1.0,,,,,,,,,,,,,,,,,,,2.0,1.0,,,4.0,,,,,,1.0,2.0,,,,,1.0,,,,,,,,2.0,,,,1.0,,1.0,,,1.0,7.0,,,,,7.0,,,,,,1.0,,,,,,,1.0,,1.0,,,1.0,,,,1.0,,,,1.0,,,3.0,,,,,,,,,,,,,,1.0,,1.0,,5.0,,2.0,,1.0,,,,,1.0,9.0,,,,,13.0,,,,,,3.0,,,3.0,,,3.0,5.0,,,,9.0,,,1.0,,7.0,,,,,,35.0,,,2.0,,,1.0,,2.0,,,,4.0,,5.0,105.0,,2.0,,,,12.0,,,14.0,Vintage
21,732,21,125.0,,,1.0,,,,,,5.0,3.0,,,,,,,,,,,,,,,,,,,1.0,,,1.0,,,,,,,,,,,,,,,,,,1.0,1.0,2.0,1.0,,,1.0,1.0,,,,,,,2.0,,,,,1.0,2.0,,2.0,,,,,,,,1.0,,,,,,,1.0,,,,1.0,2.0,,,,,,,1.0,,,,,,,,,,,,,1.0,,,2.0,5.0,,,,,,,,,,,,1.0,1.0,,,,,1.0,,,,,,,,1.0,,,,,,,1.0,3.0,,,,1.0,2.0,,,,1.0,,,,,,1.0,,2.0,7.0,,1.0,5.0,35.0,,,,5.0,,,,17.0,,,,1.0,,,1.0,74.0,,,,,,17.0,,,1.0,,14.0,,,,,,,,,,,,,,,,,,,,,,,,1.0,,1.0,,,9.0,,,,,,,,,,,,,,,1.0,,1.0,,,,,,,,,1.0,,,,2.0,2.0,,,,4.0,,2.0,,,,,,,,,,,,,,,,1.0,,3.0,,,,,3.0,4.0,,,,,,1.0,1.0,,,,,2.0,,,,2.0,14.0,,,,1.0,30.0,,,,1.0,5.0,,,,3.0,,,,2.0,,,,,,,,,,,,1.0,,2.0,,1.0,,5.0,,,,,,,,,2.0,2.0,,,,2.0,4.0,,1.0,,,,1.0,,3.0,1.0,,1.0,3.0,,1.0,,,1.0,11.0,,1.0,,,9.0,1.0,,2.0,,,2.0,,,,,,,,,,,,1.0,,1.0,,,,,,2.0,,,10.0,,,,2.0,,,,,,,1.0,,,,1.0,3.0,,5.0,,1.0,,2.0,,,,,1.0,6.0,,,,1.0,16.0,,,,,,,,,1.0,,,,3.0,,,1.0,7.0,,,2.0,,13.0,,,,,,22.0,,,1.0,,,1.0,,1.0,,,,,,5.0,95.0,1.0,2.0,,1.0,,4.0,,,8.0,Vintage
20,631,20,100.0,,,,4.0,,,,,5.0,,,,,,,,,,,,,,,,,,,,,,,,,,,,,,,,,,,,,1.0,,,,1.0,,,1.0,,,,,,,,,,,,,,,,,4.0,,2.0,,,,,,,,,,,,,1.0,,,,,,,1.0,,1.0,,,,,,,,,,,1.0,,1.0,,1.0,1.0,,2.0,,,,1.0,,,,1.0,,,1.0,,,1.0,,,,,,,,,,,,,,,,,,1.0,1.0,,,,2.0,3.0,,,1.0,,,3.0,,,2.0,,,,2.0,,1.0,,3.0,9.0,,,4.0,30.0,,,,2.0,,,2.0,15.0,,,,1.0,,1.0,1.0,64.0,,,,,,16.0,1.0,,,,7.0,,,,,,,,,,,,,,,,,,,,,,,,,,,,1.0,5.0,,1.0,,,,,,1.0,,,,,,,,1.0,,,1.0,,,,,1.0,,,,,,,,2.0,,,,,1.0,,,,,,,,,,,,,,,,,,4.0,,,1.0,,3.0,1.0,,,,,,2.0,1.0,,2.0,,,3.0,,,,1.0,7.0,,,,1.0,26.0,,,,1.0,1.0,,1.0,,2.0,,,,1.0,,,2.0,1.0,,,,,,,2.0,,,,,,1.0,1.0,,1.0,1.0,,,,,,,1.0,,1.0,,3.0,2.0,,,,,1.0,,,1.0,1.0,,,2.0,,,1.0,,,6.0,,,,,11.0,,,2.0,,,2.0,,,1.0,,,,,,,,,,,,,,,,,4.0,,,6.0,1.0,,,1.0,1.0,,,,,1.0,,,,,,5.0,,6.0,,,,,,,,,,6.0,,,,,14.0,,,,,,,,,,,,1.0,5.0,,,,7.0,,,5.0,,16.0,,1.0,,,,30.0,,,1.0,,,1.0,1.0,2.0,,1.0,,3.0,,6.0,74.0,1.0,1.0,,,,5.0,,1.0,5.0,Vintage
24,626,24,116.0,,,,1.0,,,,,3.0,1.0,,1.0,,,,,,,1.0,,,,1.0,,,,,,,,,,,,,,,,,,,,,,,2.0,,,,,,1.0,,,,,,,,,2.0,1.0,,,,,,,,2.0,1.0,2.0,,,,1.0,,,,,,,1.0,,,,,,,,,,,,,,,,,,,,,,,,,,,,,3.0,,,,2.0,,,,,,,,1.0,,,,,,,,,,,,,,1.0,,,,,2.0,1.0,,,,,1.0,2.0,,,,1.0,2.0,,,,,,,1.0,2.0,1.0,1.0,,1.0,12.0,,1.0,3.0,22.0,,,,5.0,,,1.0,16.0,,,,6.0,,,6.0,55.0,,,,,,16.0,,,,,14.0,,,,,,,,,,,,,,,,,,,,,,,,,,,,,6.0,,,,2.0,,,1.0,,,,,,,,,,,,,,,,1.0,,,2.0,,,1.0,,1.0,,,,4.0,,1.0,,,,,,,,,,,,,,,,,2.0,,,,,,3.0,3.0,,,1.0,,,4.0,,,2.0,,1.0,3.0,,1.0,,,6.0,,,,,23.0,,,,,,,,,2.0,,,,,,,,,,,1.0,,,,,,,,,,,2.0,,1.0,1.0,,,,,,1.0,,,,,2.0,,,,,,,,,,1.0,,,1.0,,1.0,,,,9.0,1.0,,,1.0,5.0,1.0,,,,,,,,,,,,,,,,,,,,,1.0,,,,2.0,,,3.0,,,,1.0,,,,,,,,1.0,1.0,,,1.0,,2.0,,1.0,,1.0,,,,,,6.0,1.0,,,2.0,12.0,,,,,,,,,2.0,,,,11.0,,,,12.0,,,2.0,,10.0,,1.0,,,1.0,24.0,,,,,,1.0,,,,,,3.0,,7.0,82.0,,2.0,,,,5.0,,1.0,13.0,Vintage
26,623,26,110.0,,,,1.0,,1.0,,,4.0,1.0,,1.0,,,,,,,,,,,,,,,,,,,,,,,,,,,,,,,,,,1.0,,1.0,,,1.0,1.0,1.0,1.0,,,1.0,,,,,,,,,,,,,1.0,,6.0,,,,,,,,,,,,,,,,,,,,,,,,,,,,,,1.0,,,,,,1.0,,,1.0,1.0,,,,1.0,,,,,,,,,,,,,,,,1.0,,,1.0,,,,,,,,,,,,,,,2.0,,,,2.0,2.0,1.0,,,,,,,2.0,,,1.0,1.0,7.0,,,1.0,41.0,,1.0,,3.0,,,,12.0,,,,1.0,,,3.0,68.0,,,,,,24.0,,,,,19.0,,,,,,,,,,,,,,,,,,,,,,,,,,,,1.0,3.0,,,,,,,,,,,,,1.0,,1.0,,1.0,,,,,,,,,,,,1.0,,,,,,3.0,,1.0,,,,,,,,,,,1.0,,,,,,1.0,,,,,,1.0,2.0,,,,,,2.0,,,1.0,,,3.0,,,1.0,1.0,5.0,,,,,22.0,,,1.0,,1.0,,,,3.0,,,,,,,,,,,,,,,,,,,,,,,,,1.0,,,,,,,1.0,,,,2.0,,,,,,,,,1.0,2.0,,,4.0,,3.0,,,,4.0,,,,,6.0,,,1.0,,,1.0,,,,,,,,,,,,,,,,,,,,3.0,,,,,,,2.0,,,,1.0,1.0,,,,,1.0,1.0,4.0,,4.0,,,,1.0,,,,,,6.0,,,,,16.0,,1.0,,,,,,,2.0,,,,4.0,,,,9.0,,,2.0,,6.0,,1.0,,,,45.0,,,2.0,,,1.0,,1.0,,,,1.0,,3.0,75.0,,,,,,8.0,,,9.0,Vintage
27,588,27,94.0,,,,1.0,,,,,8.0,1.0,,,,,,,,,,1.0,,,,,,,,,,,,,,,,,,,,1.0,,,,,,,,,,,,1.0,,,,,1.0,,,,,,1.0,,1.0,,,,,3.0,,3.0,,,,,,,,,,,,,,,,,,1.0,,,,,,,,,,,1.0,,,,,1.0,,,,,,2.0,,,,,,,,,,1.0,,,,,,,,,,,,,,,,,,,,,,,,,,,2.0,1.0,,,,,1.0,,,,,,,,4.0,,,,3.0,9.0,,1.0,4.0,33.0,,,,2.0,,,,15.0,,,,8.0,,1.0,1.0,51.0,1.0,,,,,30.0,,,,,4.0,,,,,,,,,,,,,,,,,,,,,,,,,,1.0,,,5.0,,,,,,,,,,,,1.0,,,,,,,,,,1.0,,,1.0,,1.0,,,,,,,,,,1.0,,,,,,,1.0,,,,,,,,,,,1.0,,,,,1.0,1.0,,,,,,2.0,,,,,,4.0,,,,1.0,10.0,,,,,27.0,,,,,,,,,2.0,,,,,,,,,,,,,,,,,,,,,,1.0,,,2.0,,,,,,,1.0,1.0,,,,2.0,1.0,,,,,,,1.0,1.0,,,,,2.0,,,,6.0,,1.0,1.0,1.0,10.0,,,,,,2.0,1.0,,,2.0,,,,,,,,,,1.0,,,,,,1.0,,,1.0,1.0,,,3.0,,,,,,,,1.0,,,,2.0,,3.0,,,,2.0,,,,,,5.0,,,,,7.0,,,,,1.0,,,,3.0,,,1.0,8.0,,,,10.0,,,,,4.0,,2.0,,,,32.0,,,6.0,1.0,,,,,,,,1.0,,3.0,88.0,,,,,,4.0,,,7.0,Vintage
25,573,25,116.0,,1.0,,1.0,,2.0,,,5.0,,,,,,,,,,,,,,,,,,,,,,,,,,,,,,,,,,,,,,,,,,,1.0,,,,1.0,,,,,1.0,,,,1.0,,,,,2.0,,5.0,,,,,,,,,,,1.0,,,,,,1.0,,,,,,,,,,,,,,,,,,,,,,,,,,,,,,,,,,,,,,,,,1.0,,,,,,1.0,,,,,,,,,,,,,1.0,,,,,,,,1.0,,1.0,,,,2.0,,,,,5.0,,,3.0,34.0,,1.0,,5.0,,,,8.0,,,,3.0,,,5.0,58.0,,,,,,21.0,,,,,9.0,,,,,,,,,,,,,,,,,,,,,,,,,,,,,4.0,,,,,,,,,,,,,,,1.0,,,,,,,,,,,,,,,1.0,,,,,,,,,,,1.0,,,,,1.0,,,,1.0,,,,2.0,2.0,,,,,1.0,1.0,,,,,,2.0,,,1.0,,,5.0,,,,,13.0,,,,,24.0,,,,,2.0,,,,1.0,1.0,,,,,1.0,,,,,,1.0,,,,,,2.0,,,1.0,1.0,1.0,,2.0,,,,,,,,,,,3.0,,,,,,,,,1.0,,,,,,1.0,,,1.0,4.0,,,,2.0,9.0,,,,,,,,,,,,,1.0,,,,,,,1.0,,1.0,,,,,,,3.0,,,,,,,,,,,,,1.0,,,2.0,,4.0,,,,,,,,,,6.0,,,,,14.0,,,1.0,,,1.0,,,2.0,,,,4.0,,,,13.0,,,1.0,,6.0,,,,,,28.0,,,3.0,,1.0,,,,,,,1.0,,3.0,71.0,,1.0,,,,5.0,,,8.0,Vintage
33,542,33,113.0,,1.0,,3.0,,,,,5.0,,,,,,,,,,,,,,,,,,,,,,,,,,,,,,,,,1.0,,,,,,,,,,,2.0,,,,,,,,,,,,,,,,2.0,5.0,,7.0,,,,,,,,,,,,,,,,,,,,,,,,,,,,,,,,,,,,,,,,2.0,,,,,,,,,,,,,,,,,,,,,,,,,,,,,,,,,,,,,,3.0,,,,,1.0,2.0,,,,,,,4.0,1.0,,1.0,1.0,9.0,,,,26.0,,,,,,,,5.0,,,,3.0,,,,74.0,,,,,,26.0,,,,,,,,,,,,,,,,,,,,,,,,,,,,,,,,,,5.0,,,,,,,,,1.0,,1.0,,,,,,,,,,,,,,,,,,,,,,,,1.0,,,,,,,,,,,,,,,,,,,1.0,1.0,,,,,3.0,1.0,,,,,,1.0,1.0,,1.0,1.0,,2.0,,,1.0,,11.0,,,,,27.0,,,,1.0,,,1.0,,2.0,,,,,,,,,,,,,,,,,,,1.0,,,,,1.0,,,,,,,,1.0,,,,,1.0,,,,,,,,,,,,,,1.0,,,,8.0,,,,,5.0,,,1.0,,,,,,,,,,,,,,,,,,1.0,1.0,,,,2.0,,,,,,,,,,,,,,,,,,,3.0,,4.0,,1.0,,,,,,,1.0,6.0,,,,,16.0,,,,,,,,,,,,,4.0,,,,4.0,,,1.0,,4.0,,1.0,,,,26.0,,,,,,,,,,1.0,,,,3.0,74.0,,1.0,,,,3.0,,,6.0,Vintage
28,489,28,106.0,,,,3.0,,1.0,,,8.0,1.0,,,,,,,,,,1.0,,,,,,,,,,,,,,,,,,,,,,,,,,,,,,1.0,,,,,,,,,,,,,,,1.0,,,,1.0,2.0,1.0,2.0,,2.0,,,,,,,,,,,,,,,,,,,,,,,,,,,1.0,,,,,,,,,,1.0,,1.0,,,,,,,,,,,,,,,,,,,,,,,2.0,,,,,,,,,,,,,,,,,,1.0,1.0,,,1.0,,,,,1.0,,,1.0,2.0,6.0,,,7.0,20.0,,,,2.0,,,,5.0,,,,6.0,,,,55.0,,,,,,24.0,,,,,,,,,,,,,,,,,,,,,,,,,,,,,,,1.0,,,4.0,1.0,,,,,,,,,,,,,,,,,,,,,,,,,,,,1.0,1.0,,,,,,,,,,,,1.0,,,1.0,,,,,,,,,,1.0,,1.0,,,1.0,,,,,,,2.0,2.0,,1.0,,,2.0,1.0,,,3.0,9.0,,,,,20.0,,,,,1.0,,,,2.0,,,,,,,,,,,,,,,,,,,,,,2.0,,,,,,,,,,,,,,1.0,1.0,,2.0,,,,,,,,,,1.0,,1.0,,,1.0,4.0,,,,,8.0,,,,,,,,,,1.0,,,1.0,,,,,1.0,,1.0,,,,,,2.0,,,2.0,,,,1.0,,,,,,,,,,,,5.0,,3.0,,1.0,,1.0,,,,,1.0,4.0,,,,,6.0,,,,,,,,,2.0,,,,7.0,,,,8.0,,,2.0,,1.0,,,,,,18.0,,,4.0,,,,,1.0,,,,,,1.0,63.0,,,,,,,,,8.0,Vintage
29,420,29,76.0,,,,1.0,,1.0,,,8.0,1.0,,,,,,,,,,,,,,,,,,,,,,,,,,,,,,,,,,,,,,,,,,,,,,,,,,,,,,,,,,,1.0,1.0,,1.0,,,,,,,,,,,,,,,,,,,,,,,,,,,,,,,,,,,,,,,,3.0,,,,2.0,,,,,,,,,,,1.0,,,,,,,1.0,,,,,,,,,,,,,,,1.0,,,,,,,,,,1.0,1.0,,,1.0,,,,,3.0,1.0,,2.0,25.0,,,,1.0,,,,5.0,,,,6.0,,,,47.0,,,,1.0,,19.0,,,,,,,,,,,,,,,,,,,,,,,,,,,,,,,1.0,,,5.0,,,,,,,,,,,,,,,,,1.0,,1.0,,,,,,1.0,,,,1.0,,,,,,,,2.0,,,,,,,,,1.0,,,,,,,,,,,,,,1.0,1.0,,,,,1.0,,1.0,1.0,,,,1.0,,,,,10.0,,,1.0,2.0,18.0,,,,,1.0,,,,1.0,,,,,,,,,,,,,,1.0,,,,,,,,1.0,,,,,,,,,,,,,,,,1.0,,,,,,,,1.0,,,1.0,,2.0,,,,3.0,,,,,6.0,,,,,,,,,,,,,1.0,,,,,,,1.0,,,,1.0,,,,,,,,,1.0,,,,,,,,,,,,4.0,,5.0,,,,1.0,,,,,,9.0,,,,,11.0,1.0,,,,,1.0,,,2.0,,,,5.0,,,,4.0,,,,,10.0,,1.0,,,,12.0,,,1.0,,,,,,,,,,,1.0,57.0,,,,,,7.0,1.0,,4.0,Vintage
32,414,32,91.0,,,,1.0,,,,,9.0,1.0,,,,,,,,,,,,,,,,,,,,,,,,,,,,,,,,,,,,,,,,,,,,,,,,,,,,,,,1.0,,,,,1.0,,1.0,,,,,,,,,,,,,,,,1.0,,1.0,,,,,,,,,,,,,,2.0,,,,,,,1.0,1.0,,,,,,,,,,,,,,,,,,1.0,,,,,,1.0,,,,,,,,,,,,,1.0,3.0,,,,,1.0,,,,,1.0,,,1.0,,,,1.0,4.0,,,1.0,18.0,,,,1.0,,,,8.0,,,,6.0,,,,46.0,,,,,,22.0,,,,,,,,,,,,,,,,,,,,,,,,,,,,,,,,,,,,,,,,,,,1.0,,,,,,,,,,,,,,,,,,,,,,,,,,2.0,,2.0,,,,,,,,,,,1.0,,,,,,,,,,,,1.0,1.0,1.0,,,,,1.0,,,1.0,,,1.0,,,,,5.0,,,,2.0,16.0,,,,,1.0,,,,2.0,,,,1.0,,,,,,,,,,,,,,,,,,,,,,,,,,,,,,,,2.0,4.0,,,,1.0,,,,2.0,1.0,,,1.0,,,,,,3.0,,,,1.0,3.0,,,1.0,,,,,,,,,,,,,,,,,,,,,,,,,,,,,,,,,,,,,,,,,,2.0,,7.0,,1.0,,1.0,,,,,1.0,4.0,,,,,7.0,,,,,,,,,,,,,9.0,,,,7.0,,,1.0,,1.0,,,,,,17.0,,,3.0,,,,,1.0,,,,1.0,,6.0,58.0,,,,,,2.0,,,,Vintage
34,403,34,86.0,,,,,,,,,6.0,,,,,,,,,,,,,,,,,,,,,,,,,,,,,,,,,,,,,,,,,,,,2.0,,,,,,,,,,,,1.0,,,,,3.0,,2.0,,,,,,,,,,,,,,,,,,1.0,,1.0,,,,,,,,,,,,1.0,,,,,,,,1.0,,,,,,,,,,,,,,,,,,,,,,1.0,,,,,,,,,,1.0,,,,,,,1.0,,,,,2.0,,,2.0,,,,1.0,,,1.0,1.0,6.0,,,2.0,17.0,,,,2.0,,,,4.0,,,,4.0,,,,42.0,,,,,,18.0,,,,,,,,,,,,,,,,,,,,,,,,,,,,,,,1.0,,,3.0,,,,,,,,,,,,,,,,,,,,,,,,,,1.0,,,,,,,,,,,,,,,,,,,,,,,,,,,,1.0,2.0,,,,,3.0,3.0,,,,1.0,,3.0,,,,,,5.0,,,,,7.0,,,,1.0,16.0,,,,1.0,,,,,,,,,,,,,,,,,,,,,,,,,,,,,,,,,,,,1.0,1.0,,,,,,,,,,,,,,1.0,,,2.0,,,,,,5.0,,,,,1.0,,,,,,1.0,,,,,,,,,,,,,,1.0,,,,,1.0,,,,4.0,,,,,,,,,,,,,,,,3.0,,2.0,,,,,,,,,,9.0,,,,,9.0,,1.0,,,,,,,2.0,,,,,,,,4.0,,,,,5.0,,1.0,,,,25.0,,,3.0,,,,,,,,,1.0,,2.0,54.0,,,,1.0,,4.0,,,2.0,Vintage
31,370,31,73.0,,,,,,,,,6.0,,,,,,,,,,,,,,,,,,,,1.0,,,,,,,,,,1.0,,,,,1.0,,,,,,,,,,,,,,,,,,,,,1.0,,,,1.0,2.0,1.0,1.0,,,,,,,,,,,,,,,,,,,,,,,,,,,,,,,,,,,,,,,,1.0,,1.0,,1.0,,,,,,,,,,,,,1.0,,,,,,,,,,,,,,1.0,,,,,,,,,,,,1.0,,,2.0,1.0,,,,1.0,,1.0,,2.0,11.0,,1.0,2.0,16.0,,,,1.0,,,,7.0,,,,3.0,,,,37.0,,,,,,25.0,,,,,,,,,,,,,,,,,,,,,,,,,,,,,,,,,,3.0,,,,,,,,,,,,,,,,,,,,,,,,,,,,,,,,,,,1.0,,3.0,,1.0,,,,,,,,,,,,,,,,,,1.0,,,,1.0,,1.0,,,1.0,2.0,3.0,,2.0,,,,,,,,7.0,,,,,15.0,,,,,1.0,,,,2.0,,,,1.0,,,,,,,,,,,,1.0,,,,,,,,,,,,,,,,1.0,,,,,2.0,,,,,,,,,,,,1.0,,,,,,3.0,,,,,5.0,,,,,,,,,,,,,,,,,,1.0,,,,,,,,1.0,,,1.0,,,,,,,,,,,,,,,,,,2.0,,1.0,,2.0,,,,,1.0,3.0,,,,,11.0,,,,,,,,,,,,1.0,4.0,,,,5.0,,,,,3.0,,1.0,,,,15.0,,,,,,,,1.0,,1.0,,1.0,,2.0,43.0,,,,,,1.0,,,7.0,Vintage
30,343,30,73.0,,,,2.0,,,,,1.0,,,,,,,,,,,1.0,,,,,,,,,,,,,,,,,,,,,,,,1.0,,,,,,,,,,,,1.0,,,,,,,,,,,,,,1.0,,1.0,,,,,,,,,,,,,,,,,,,,,,,,,,,,,,,1.0,,,,,1.0,,,,,,,,,,,,,,,,,,,,,,,,,,,,,,,,,,,,,1.0,,,,,,,,,,1.0,,,,1.0,,,,3.0,,,,1.0,2.0,,,,25.0,,,,1.0,,,,6.0,,,,3.0,,,,37.0,,1.0,,,,24.0,,,,,,,,,,,,,,,,,,,,,,,,,,,,,,,1.0,,,3.0,1.0,,,,,,,,,,,,,,,,,,,,,1.0,,,,,,,,,1.0,,,,,,,,,,,,,,,,,,,,,,,,,,,,,1.0,2.0,,,,,,,2.0,,,,,,,,,,4.0,,,,,20.0,,,,,3.0,,,,3.0,,,,,,,,,,,,,,,,,,,,,,1.0,,,,,,,,,1.0,,,,,,,,,,,,,,1.0,1.0,,,1.0,,,,,,1.0,,,,,5.0,,,,,,,,,,,,,,,,,,,,,,,,,,1.0,,,1.0,,,,,,,,,,,,,,,,,,3.0,,,,1.0,,,,,,5.0,,,,,7.0,,,2.0,,,,,,,,,2.0,2.0,,,,4.0,,,1.0,,7.0,,4.0,,,,17.0,,,1.0,,,,,,,,,2.0,,,37.0,,,,,,1.0,,,3.0,Vintage
35,324,35,60.0,,1.0,,1.0,,3.0,,,,,,,,,,,,,,,,,,,,,,,,,,,,,,,,,,,,,,,,1.0,,,,1.0,,,,,,,,,,,1.0,,,,,,,,,2.0,,1.0,,,,,,,,,1.0,,,,,,,,,,,,,,,,1.0,,,,,,,,,,,,,,,1.0,,,,1.0,,,,,,,,,,,,,,,,,,,,,,,,,,,,1.0,,,1.0,,3.0,,,,,,,,,,,,,,,,,,2.0,5.0,,1.0,,17.0,,1.0,,,,,,5.0,,,,6.0,,,,30.0,,,,,,22.0,,,,,,,,,,,,,,,,,,,,,,,,,,,,,,,,,,2.0,,,,,,,,,,,,,,,,,,,,,,,,,,1.0,,,,2.0,,,,,,,,,,,1.0,,,,,,,,,,,,,,2.0,,,,,1.0,4.0,,,,,,2.0,,,,,,2.0,,,,,4.0,,,,,7.0,,,,,1.0,,,,1.0,,,,,,,,,,,,,,,,,,,,,,,,,1.0,,,,,,,1.0,,,1.0,,,,,,,,,,,,,1.0,,,,,,,4.0,,,,,5.0,,,1.0,,,,,,,,,,1.0,,,,,,,1.0,,,,,,,,,3.0,,,,,,,,,,,1.0,,,,,3.0,,4.0,,,,,,,,,,7.0,,,,,8.0,,,,,,1.0,,,1.0,,,,6.0,,,,4.0,,,,,3.0,,3.0,,,,13.0,,,1.0,,,,,,,,,,,1.0,45.0,,1.0,,1.0,,2.0,,,1.0,Vintage
36,302,36,64.0,,,,1.0,,,,,3.0,,,,,,,,,,,,,,,,,,,,,,,,,,,,,,,,,,,,,,,,,,,,,,,,,,,,,,,,,,,,,2.0,,2.0,,,,,,,,,,,,,,,,,,,,,,,,,1.0,,,,,,,,,,,,,,,,,,,1.0,,,,,,,,,,,,,,,,,,,,1.0,,,,,,,,,,,,,,1.0,,,,,1.0,,,,,,,,1.0,,,,1.0,5.0,,,2.0,10.0,,,,,,,,5.0,,,,7.0,,,,34.0,,,,,,20.0,,,,,,,,,,,,,,,,,,,,,,,,,,,,,,,,,,4.0,,,,,,,,,,,1.0,,,,,,,,,,,,1.0,,,,,,,,,,,,1.0,,,,,,,,,,,,,,,,,,,1.0,2.0,,,,,1.0,,,,,,,1.0,,,1.0,,,3.0,,,,,6.0,,,,1.0,4.0,,,,,1.0,,1.0,,2.0,,,,,1.0,,,,,,,,,,,,,,,,,,,,,,,1.0,,,,,,,,1.0,,,,,,,,,,,,,,,1.0,,,,2.0,,,,,5.0,,,,,,,,,,,,,1.0,,,,,,,,,,,,,,,,2.0,,,,,,,,,,,,,,,1.0,1.0,,1.0,,1.0,,,,,,,,2.0,,,,,6.0,1.0,1.0,,,,,,,3.0,,,,3.0,,,,2.0,,,1.0,,1.0,,3.0,,,,14.0,,,3.0,,,,,,,,,,,1.0,47.0,,1.0,,,,1.0,,,1.0,Vintage
37,219,37,43.0,,,,,,,,,3.0,,,,,,,,,,,,,,,,,,,,,,,,,,,,,,,,,,,,,,,,,,,,,,,,1.0,,,,,,,1.0,,,,,,,,2.0,,,,,,,,,,,,,,,,,,,,,,,,,,,,,,,,,,,,,,,,,,,,,,,,,,,,,,,,,,,,,,,,,,,,,1.0,,,,,,,,,,1.0,,,,,1.0,,,,,,,1.0,,,,,1.0,,1.0,,10.0,,1.0,,2.0,,,,3.0,,,,6.0,,,,33.0,,,,,,13.0,,,,,,,,,,,,,,,,,,,,,,,,,,,,,,,,,,,,,,,,,,,,,,,,,,,1.0,,,,,,,,,,,,,,,,,,1.0,,1.0,,,,,,,,,,,,,,,,,,1.0,,,,,1.0,,,,2.0,,,1.0,2.0,,1.0,,,1.0,,,,,1.0,,,,1.0,5.0,,,,,1.0,,,,1.0,,,,1.0,,,,,,,,,,,,,,,,,,,,,,,,,,,,,1.0,,,,,,,,,,,,,,,,1.0,,,,,,6.0,,,,,2.0,,,,,,,,,,,,,,,,,1.0,,,,,,,,,,,,3.0,,,,1.0,,,,,,,,,,,,2.0,,3.0,,,,,,,,,,,,,,,5.0,,,,,,1.0,,,,,,,1.0,,,,3.0,,,,,3.0,,,,,,12.0,,,,,,,,,,,,,,,23.0,,,,,,2.0,,,3.0,Vintage
38,161,38,36.0,,,,,,1.0,,,4.0,,,,,,,,,,,,,,,,,,,,,,,,,,,,,,,,,,,,,,1.0,,,,,,,,,1.0,,1.0,,,1.0,,,,,,,,,,,1.0,,,,,,,,,,,,,,,,,,,,,,,,,,,,,,,,,,,,,,,,,,,,,,,,,,,,,,,,,,,,,,,,1.0,,,,,,,,,,,,,,,,,,,1.0,,,,,1.0,,,,,,,,,,1.0,,7.0,,,,1.0,,,,,,,,2.0,,,,21.0,,,,,,11.0,,,,,,,,,,,,,,,,,,,,,,,,,,,,,,,,,,1.0,,,,,,,,,,,,,,,,,,,,,,,,,,,,,1.0,,,,,,,,1.0,,,,,,,,,,,,,,,,,,,,,,,,1.0,,,,,,,,,1.0,,,,,,,,4.0,,,,,6.0,,,,,,,,,,,,,,,,,,,,,,,,,,,,,,,,,1.0,1.0,,,,,,,,,,,,,,,,,,,,,1.0,,1.0,,,1.0,,,,,,,,,1.0,,,,,,,,,,,,,,,,,,,,,,,,,,,,,1.0,,,,,,,,,,,,,,,,,,2.0,,,,,,,,,,2.0,,,,,3.0,,,,,,,,,,,,,1.0,,,,2.0,,,,,1.0,,,,,,9.0,,,,,,,,,,,,1.0,,,24.0,,,,,,1.0,,,1.0,Vintage
39,157,39,23.0,,,,,,,,,2.0,1.0,,,,,,,,,,,,,,,,,,,,,,,,,,,,,,,,,,,,,,,,,,,,,,,,,,,,,,,,,,,,,,,,,,,,,,,,,,,,,,,,,,,,,,,,,,,,,,,,,,,,,,,,,,,,,,,,,,,,,,,1.0,,,,,,,,,,,1.0,,,,1.0,,,,,1.0,,,1.0,,,1.0,1.0,,,,,,,1.0,,,,,6.0,,1.0,2.0,11.0,,,,2.0,,,,7.0,,,,3.0,,,,20.0,,,,,,13.0,,,,,,,,,,,,,,,,,,,,,,,,,,,,,,,,,,,,,,,,,,,,,,,,,,,,,,,,,,,,,,,,,,,,,,,,,,,,,,,,,,,,,,,,,,,,,,,,,,,,,,,,,,,,,,,,,,,,,3.0,,,,,1.0,,,,1.0,,,,,,,,1.0,,,,,,,,,,,,,,,,,,,,,,,,,,,,,,,,,,1.0,,,,,,,,,,,,,1.0,,,,,,,,,,,,,,,,,,,,,,,,,,,,,,,,,,,,,,1.0,,,,,,,,,,,,2.0,,,,,,,,,,,,4.0,,,,,4.0,,,,,,1.0,,,1.0,,,,2.0,,,,3.0,,,1.0,,1.0,,1.0,,,,6.0,,,1.0,,,,,,,,,,,,22.0,,,,,,,,,,Vintage
42,154,42,36.0,,,,,,,,,,,,,,,,,,,,,,,,,,,,,,,,,,,,,,,,,,,,,,,,,,,,,,,,,,,,1.0,,,,,,,,,,,,1.0,,,,,,,,,,,,,,,,,,,,,,,,,,,,,,,,,,,,,,,,,,,,,,,,,,,,,,,,,,,,,,,,,,,,,,,,,,,,,,,,,,,1.0,,,,,,,,2.0,,,,,3.0,,,,7.0,,,,1.0,,,,4.0,,,1.0,1.0,,,,15.0,,,,1.0,,6.0,,,,,,,,,,,,,,,,,,,,,,,,,,,,,,,,,,3.0,,,,,,,,,,,,,,,,,,,,,,,,,,,,,,,,,,,,,1.0,,,,,,,,,,,,,,,,,,,,,,,,1.0,,,,,,1.0,,,,,,,,,,,,,,,,3.0,,,,,,,,,,,,,,,,,,,,,,,,,,,,,,,,,,,,,,,,,,,,,,,,,,,,,,,,,,,,,,,,,,,,,2.0,,,,,,,,,,,,,,,,,,,,,,,,,,1.0,,,1.0,,,,1.0,,,,,,,,,,,,2.0,,1.0,,,,2.0,,,,,,6.0,,,,,5.0,,1.0,,,,,,,1.0,,,,1.0,,,,1.0,,,,,3.0,,1.0,,,,7.0,1.0,,,,,,,,,,,,,,24.0,,,,,,2.0,,,2.0,Vintage
40,150,40,21.0,,,,,,,,,2.0,,,,,,,,,,,,,,,,,,,,,,,,,,,,,,,,,,,,,1.0,,,,,,1.0,,,,,,,,,,,,,,,,,,1.0,,1.0,,,,,,,,,,,,,,,,,,,,,,,,,,,,,,,,,,,,,,,,,,,,,,,,,,,,,,,,,,,,,,,,,,,,,,,,,,,,,,1.0,,,,,,2.0,,,,,,,2.0,,,,1.0,1.0,,,,11.0,,,,2.0,,,,2.0,,,,6.0,,,,23.0,,,,,,8.0,,,,,,,,,,,,,,,,,,,,,,,,,,,,,,,,,,1.0,,,,,,,,,,,,,,,,,,,,,,,1.0,,,,,,,,,,,,,,,,,,,,,,,,,,,,,,,,,,,,,,,,,,,,1.0,,,,1.0,,1.0,,,,,6.0,,,,,1.0,,,,,,,,,,,,,,,,,,,,,,,,,,,,,,,,,,,,,,,,,,,,,,,,,1.0,,,,,,1.0,,,1.0,,,,,,1.0,,,,,1.0,,,,,,1.0,,,,,,,,,,,,,,,,,,,,1.0,,,,,,,,,,,,,,,,,,,2.0,,3.0,,1.0,,1.0,,,,,,1.0,,,,,5.0,,,,,,,,,,,,,,,,,1.0,,,,,1.0,,,,,,6.0,,,1.0,,,,,,,,,,,,19.0,,,,,,1.0,,,3.0,Vintage
44,146,44,24.0,,,,1.0,,,,,5.0,,,,,,,,,,,,,,,,,,,,,,,,,,,,,,,,,,,1.0,,,,,,,,,,,,,,,,,,,,,,,,,,,,,,,,,,,,,,,,,,,,,,,,,,,,,,,,,,,,,,,,,,,,1.0,,,,,,,,,,,,,,,,,,,,,,,,,,,,,,,,,,1.0,,,,,,,,,,,,,,,,,,,,,,,,,1.0,11.0,,,,,1.0,,,1.0,,,,2.0,,,,24.0,,,,,,10.0,,,,,,,,,,,,,,,,,,,,,,,,,,,,,,,,,,,,,,,,,,,,,,,,,,,,,,,,,,,,,,,,,,,,,,,1.0,,,,,,,,,,,,,,,,,,,,,,,,,,,,,,,,,,,,2.0,,,,,4.0,,,,1.0,5.0,,,,,,,,,,,,,,1.0,,,,,,,,,,,,,,,,,,,,,,,,,,,,,,,,1.0,,,,,,,,,,,,,,,,,,3.0,,,,,,,,1.0,,,,,,,,,,,,,,,,,,,,,,,,,,,,,,1.0,,,,,,,,,,,,1.0,,1.0,,,,,,,,,,2.0,,,,,5.0,,1.0,,,,,,,,,,,2.0,,,,5.0,,,,,1.0,,1.0,,,,9.0,,,1.0,,,,,,,,,1.0,,,10.0,,,,,,1.0,,,2.0,Vintage
54,140,54,31.0,,,,,,1.0,,,6.0,,,,,,,,,,,1.0,,,,,,,,,,,,,,,,,,,,,,,,,,,,,,,,,,,,,,,,,,,,,1.0,,,,,,,,,,,,,,,,,,,,,,,,,,,,,,,,,,,,,,,,,,,,,,,1.0,,,,,,,,,,,,,,,,,,,,,,,,,,,,,,,1.0,,,,,,,,,1.0,,,,1.0,,,,,,,1.0,,,,,2.0,,,,9.0,,,,1.0,,,,,,,,1.0,,,,19.0,,,,,,6.0,,,,,,,,,,,,,,,,,,,,,,,,,,,,,,,,,,,,,,,,,,,,,,,,,,,,,,,,,,,,,,,,,,,,,,,,,,,,,,,,,,,,,,,,,,,,,,,2.0,,,,,,,,,,,,1.0,,,,,3.0,,,,,4.0,,,,,,,,,,,,,,,,,,,,,,,,,,,,,,,,,,,,,,,,,,,,,,,,,,,,,,,,,,,,,,,,,,,,,2.0,,,,,,1.0,,,,,,,,,,,,,,,,,,,,,,,,,,,,,,,,,,1.0,,,,,,,1.0,,,,2.0,,,,,,1.0,,,,,3.0,,,,,,,,,1.0,,,,4.0,,,,2.0,,,,,,,,,,,10.0,,,,,,,,,,,,,,1.0,17.0,,,,,,,,,1.0,Vintage
46,135,46,28.0,,,,,,1.0,,,1.0,,,,,,,,,,,,,,,,,,,,,,,,,,,,,,1.0,,,,,,,,,,,,,,,,,,,,,,,,,,,,,,,,,,,,,,,,,,,,,,,,,,,,,,,,,,,,,,,,,,,,,,,,,1.0,,,,,,,,,,,,,,,,,,,,,,,,1.0,,,,,,,,1.0,,,,,,1.0,,,,,,,,,,,,,,,,,,,,,,9.0,,,,1.0,,,,,,,1.0,4.0,,,,25.0,,,,,,6.0,,,,,,,,,,,,,,,,,,,,,,,,,,,,,,,,,,1.0,,,,,,,,,,,,,,,,,,,,,,,,,1.0,,,,,,,,,,,,,,,,,,,,,,,1.0,,,,,,,,,,,1.0,,,,,,,,1.0,,,,,,,,,,,1.0,,,,,5.0,,,,,,,,,,,,,,,,,,,,,,,,,,,,,,,,,,,,,,,,,,,,,1.0,,,,,,,,,,,,,1.0,,,,,,,,,,,4.0,,,,,,,,,,,,,,,,,,1.0,,,,,,,,,,,2.0,,,,,,,,,,,,,,,,1.0,,2.0,,,,1.0,,,,,,2.0,,,,,1.0,,,,,,,,,,,,,5.0,,,,1.0,,,,,1.0,,,,,,9.0,,,1.0,,,,,,,,,,,,10.0,,,,,,,,,,Vintage
45,134,45,30.0,,,,,,,,,5.0,,,,,,,,,,,,,,,,,,,,,,,,,,,,,,,,,,,,,,,,1.0,,,,,,,,,,,,,,,,,,,,,,,,,,,,,,,,,,,,,,,,,,,,,,,,,,,,,,,,,,,,,,,,,,,,,,,,,,,,,,,,,,,,,,,,,,,,,,1.0,1.0,,,,,,,,,,,1.0,,,,,,,,,,,1.0,,2.0,,,,9.0,,,,,,,,,,,,,,,,10.0,,,,,,10.0,,,,,,,,,,,,,,,,,,,,,,,,,,,,,,,,,,2.0,,,,,,,,,,,,,,,,,,,,,,,,,,,,,2.0,,,,,,,,,,,,,,,,,,,,,,,,,,,,,,,,,,,,,,,,,,,,,,,,,2.0,,,,,4.0,,,,,,,,,1.0,,,,,,,,,,,,,,,,,,,,,,,,,,,,,,,,,,,,,,,,,,,,,,1.0,,,1.0,,,,,,1.0,,,,,2.0,,,,,,,,,,,,,,,,,,,,,,,,,,,,,,,,,,,,,,,,,,,,,3.0,,,,,,1.0,,,,,,1.0,,,,,5.0,,,,,,,,,1.0,,,1.0,,,,,3.0,,,,,1.0,,3.0,,,,6.0,,,,,,,,,,,,,,,21.0,,,,,,,,,1.0,Vintage
53,129,53,33.0,,,,,,,,,2.0,,,,,,,,,,,,,,,,,,,,,,,,,,,,,,,,,,,,,,,,,,,,,,,,,,,,,,,,,,,,,,,,,,,,,,,,,,,,,,,,,,,,,,,,,,,,,,,,,,,,,,,,,,,,,,,,,,,,,,,,,,,,,,,,,,,,,,,1.0,,,,,,,,,,,,,,,1.0,,,,,,,1.0,,1.0,,,,4.0,,,,,,,,1.0,,,,1.0,,,,22.0,,,,,,9.0,,,,,,,,,,,,,,,,,,,,,,,,,,,,,,,,,,1.0,,,,,,,,,,,,,,,,,,,,,,,,,,,,1.0,,,,,,,,,,,,,,,,,,,,,,,,,,,,,,,,,,,,,,,1.0,,,,,,,,,,,,,,,,4.0,,,,,,,,,,,,,,,,,,,,,,,,,,,,,,1.0,,,,,,,,,,,1.0,,,,,,,,,,,,,,,,,,,,,,,,,,,,2.0,,,,,,,,,,,,,,,,,,,,,,,,,,1.0,,,1.0,,,1.0,,,,,,,,,,,,,2.0,,1.0,,,,,1.0,,,,,1.0,,,,,3.0,,,,,,,,,2.0,,,,2.0,,,,1.0,,,1.0,,,,,,,,6.0,,,2.0,,,,,,,,,,,,17.0,,,,,,,,,,Vintage
9,129,9,38.0,,,,,,,,,,,,,,,,,,,,,,,,,,,,,,,,,,,,,,,,,,,,,,,,,,,,,,,,,,,,,,,,,,,,,,,,,,,,,,,,,,,,,,,,,,,,1.0,,,,,,,,,,,,,,,,,,,,,,,,1.0,,,,,,,,,,,,,,,,,,,,,,,,,,,,,,,,,,,,,,,,1.0,,,,,,,,,,,,,,,,8.0,,,,,,,,4.0,,,,,,,,1.0,,,,,,2.0,,,1.0,,4.0,,,,,,,,,,,,,,,,,,,,,,,,,,,,,,,,,,,,,,,,,,,,,,,,,,,,,,,,,,,,,,,,,,,,,,,,,,,,,,,,,,,,,,,,,,,,,,,,,,,,,,,,,,,,,,,,,,,,,,,,,,,,,,,,,,,,,,,,,,,,,,,,,,1.0,,,,,,,,,,,,,,,,,,,,,,,,,,,,,,,,,,,6.0,,,,,,,,,,,,,,,,,,,,,,,,,,,,,1.0,,,,,,,,,,,,,,,,,,2.0,,,,,,,,,,,,,,,11.0,,,,,,,,,,,,,,,,,6.0,,,,,,,,,,,,,,,,,,,,,,,,,,41.0,,,,,,,,,,Vintage
49,125,49,27.0,,,,1.0,,,,,2.0,,,,,,,,,,,,,,,,,,,,,,,,,,,,,,,,,,,,,,,,,,,,,,,1.0,,,,,1.0,,,,,,,,,1.0,,1.0,,,,,,,,,,,,,,,,,,,,,,,,,,,,,,,,,,,,,,,,,,,,,,,,,,,,,,,,,,,,,,,,,,,,,,,,,,,,1.0,,,,,,,,,,,,,,,1.0,,,,,1.0,,,,7.0,,,,1.0,,,,1.0,,,,,,,,19.0,,,,,,4.0,,,,,,,,,,,,,,,,,,,,,,,,,,,,,,,,,,1.0,,,,,,,,,,,,,,,,,,,,,,,,,,,,,,,,,,,,,1.0,,,,,,,,,,,,,,,,,,,,,,,,,,,,,,,,,,,,,,,,,,,,,,4.0,,,,,,,,,,,,,,,,,,,,,,,,,,,,,,,,,,,,,,,,,,,,,,,,,,,,,,,,,,,,,,,,3.0,,,,,2.0,,,,,,,,,,,,,,,,,,,,,,,,,,1.0,,,1.0,,,,1.0,,,,,,,,,,,,,,3.0,,1.0,,,,,,,,,,,,,2.0,,1.0,,,,1.0,,,1.0,,,,1.0,,,,4.0,,,,,,,1.0,,,,5.0,,,,,,,,,,,,1.0,,1.0,17.0,,,,,,1.0,,,2.0,Vintage
41,122,41,27.0,,1.0,,,,,,,1.0,1.0,,,,,,,,,,,,,,,,,,,,,,,,,,,,,,,,,,,,,,,,,,,,,,,,,,,,,,,,,,,,1.0,,,,,,,,,,,,,,,,,,,,,,,,,,,,,,,,,,,,,,,,,,,,,,,,,,,,,,,,,,,,,,,,,,,,,,,,,,,,,,,,,,,,,,,,,,,,,,,,,,2.0,,1.0,2.0,4.0,,,,,,,,1.0,,,,,,,,13.0,,,,,,9.0,,,,,,,,,,,,,,,,,,,,,,,,,,,,,,,1.0,,,2.0,,,,,,,,,,,,,,,,,,,,,,,,,,,,,,,,,,,,,1.0,,,,,,,,,,,,,,,,,,,,,,,1.0,,,,,,,1.0,,,,,,,,,,,,,,,,5.0,,,,,,,,,1.0,,,,,,,,,,,,,,,,,,,,,,1.0,,,,,,,,,,,,,,,,,,,,,,,,,,,,,,,,,3.0,,,,,1.0,,,,,,,,,,,,,,,,,1.0,,,,,1.0,,,,1.0,,,,,,,,,,,,,,,,,,,2.0,,3.0,,,,,,,,,,,,,,,5.0,,,,,,,,,,,,,1.0,,,,4.0,,,,,,,1.0,,,,7.0,,,1.0,,,,,,,,,1.0,,,14.0,,,,,,,,,,Vintage
43,116,43,26.0,,1.0,,,,,,,3.0,,,,,,,,,,,,,,,,,,,,,,,,,,,,,,,,,,1.0,,,,,,,,,,,,,,,,,,,,,,,,,,,,,,,,,,,,,,,,,,,,,,,,,,,,,,,,,,,,,,,,,,,,,,,,,,,,,,,,,,,,,,,,,,,,,,,,,1.0,,,,,,,,,,1.0,,,,,1.0,,,,,,,,,,,,,4.0,,,,7.0,,,,,,,,1.0,,,,,,,,12.0,,,,,,7.0,,,,,,,,,,,,,,,,,,,,,,,,,,,,,,,,,,1.0,,,,,,,,,,,,,,,,,,,,,,,,,,,,,,,,,,,,,,,,,,,,,,,,,,,,,,1.0,,,,,,2.0,,,,,,,,,,,,,,,,,,,,,,,5.0,,,,,1.0,,,,,,,,,,,,,,,,,,,,,,,,,,,,,,,,,,,,,,,,,,,1.0,,,,,,,1.0,,,,,,,,,2.0,,,,,1.0,,,,,,2.0,,,1.0,,,,,,,,,,,,,,,,,,,,,,,,2.0,1.0,,,,,,,,,,,2.0,,,,,,,,,,,,,,,,,3.0,,1.0,,,,,,,1.0,,,,,,,,3.0,,,,,1.0,,2.0,,,,5.0,,,,,,,,,,,,,,1.0,7.0,,,,,,,,,4.0,Vintage
48,113,48,20.0,,,,,,,,,,,,,,,,,,,,,,,,,,,,,,,,,,,,,,,,,,,,,,,,,,,,,,,,,,,,,,,,,,,,,,1.0,,1.0,,,,,,,,,,,,,,,,,,,,,,,,,,,,,,,,,,,,,,,,,,,,,,,,,,,,,,,,,,,,,,,,,,,,,,,,1.0,,,,,,,,,,,,,,,,,,,1.0,,,,1.0,3.0,,,2.0,7.0,,,,,,,,1.0,,,,,,,,10.0,,,,,,10.0,,,,,,,,,,,,,,,,,,,,,,,,,,,,,,,,,,,,,,,,,,,,,,,,,,,,,,,,,,,,,,,,,,,,,1.0,,1.0,,,,,,,,,,,,,,,,,,,,,,,,1.0,,,,,,,,,,,,1.0,,,,,,,,,,6.0,,,,,,,,,,,,,,,,,,,,,,,,,,,,,,,,,,,,,,,,,,,,,,,,,,,,,,,1.0,,,,,,,,,2.0,,,,,1.0,,,,,,,,,,,,,,,,,,,,,,,,,,,,,,,,,1.0,,,,,,,,,,,,1.0,,3.0,,,,,,,,,,2.0,,,,,6.0,,,,,,,,,,,,,4.0,,,,,,,,,2.0,,,,,,4.0,,,,,,,,,,,,,,,16.0,,,,,,,,,2.0,Vintage
47,112,47,21.0,,,,,,,,,1.0,,,,,,,,,,,,,,,,,,,,,,,,,,,,,,,,,,,,,,,,,1.0,,,,,,,,,,,,,,,,,,,,,,1.0,,,,,,,,,,,,,,,,,,,,,,,,,,,,,,,,,,,,,,,,,,,,1.0,,,,,,,,,,,,,,,,,,,,,,,,,,,,2.0,,,,,,1.0,,,,,,,,,,1.0,,,,,,,1.0,1.0,,,,6.0,,,,,,,,3.0,,,,1.0,,,,16.0,,,,,,7.0,,,,,,,,,,,,,,,,,,,,,,,,,,,,,,,,,,1.0,,,,,,,,,,,,,,,,,,,,,,,,,,1.0,,,,,,,,,,,,,,,,,,,,,,,,,,,,,,,,,,,1.0,,,,,,,,,,,,,,,,,1.0,,,,,2.0,,,,,,,,,,,,,,,,,,,,,,,,,,,,,,,,,,1.0,,,,,,,,,,,,,,,,,,,,,,,,,,,,,,,,,,,2.0,,,,,,,,,,,,,,,,,,,,,,,,,,,,,,,,,,,,,,,,,,,,,1.0,,2.0,,,,1.0,,,,,,,,,,,3.0,,,,,,,,,1.0,,,,2.0,,,,3.0,,,,,1.0,,1.0,,,,4.0,,,1.0,,,,,,,,,1.0,,,17.0,,,,,,,,,1.0,Vintage
50,101,50,11.0,,,,,,,,,1.0,,,,,,,,,,,,,,,,,,,,,,,,,,,,,,,,,,,,,,,,,,,,,,,,,,,,1.0,,,,,,,,,1.0,,,,,,,,,,,,,,,,,,,,,,,,,,,,,,,,,,,,,,,,,,,,,,,,,,,,,,,,,,,,,,,,,,,,,,,,,,,,,,,,,,,,,,,,,,,,,,,,,,1.0,,,,4.0,,,,1.0,,,,,,,,2.0,,,,19.0,,1.0,,,1.0,9.0,,,,,,,,,,,,,,,,,,,,,,,,,,,,,,,,,,1.0,1.0,,,,,,,,,,,,,,,,,,,,,,,,,,,,,,,,,,,,,,,,,,,,,,,,,,,,,,,,,,,1.0,,,,,,,,,,,,,1.0,,,,,2.0,,,,,1.0,,,,,,,,,,,,,,,,,,,,,,,,,,,,,,,,,,,,,,,,,,,,,,,,,,,,,,,,,,,,,,,,,,,,,1.0,,,,,,,,,,,,,,,,,1.0,,,,,,,,,,,,,,,,,,,,,,,,,,,,1.0,,1.0,,,,2.0,,,,,,3.0,,,,,4.0,,2.0,,,,,,,,,,,2.0,,,,1.0,,,,,,,1.0,,,,3.0,,,1.0,,,,,,,,,,,1.0,17.0,,,,,,,,,1.0,Vintage
52,96,52,14.0,,,,,,,,,,,,,,,,,,,,,,,,,,,,,,,,,,,,,,,,,,,,,,,,,,,,,,,,,,,1.0,,,1.0,,,,,,,,,,1.0,,,,,,,,,,,,,,,,,,,,,,,,,,,,,,,,,,,,,,,,,,,,,,,,,,,,,,,,,,,,,,,,,,,,,,,,,,,,,,,,,,,,1.0,,,,,,,,,,,,,,,,4.0,,,,1.0,,,,1.0,,,,2.0,,,,7.0,,,,,,12.0,,,,,,,,,,,,,,,,,,,,,,,,,,,,,,,,,,,,,,,,,,,,,,,,,,,,,,,,,,,,,,,,,,,,,,,,,,,,,,,,,,,,,,,,,,,,,,,1.0,,,,,,,,,,,,1.0,,,,,1.0,,,,,4.0,,,,,,,,,2.0,,,,,,,,,,,,,,,,,,,,,,1.0,,,,,,,,,,,,,,,,,,,,,,,,,,,2.0,,,,,,,,,,,,,,,,,,,,,,,,,,,,,,,,,,,,,1.0,,,1.0,,,,1.0,,,,,,,,,,,,,,1.0,,,,,,,,,,2.0,,,,,7.0,,,,,,,,,,,,,1.0,,,,1.0,,,,,1.0,,,,,,3.0,,,1.0,,,,,,,,,,,,17.0,,,,,,2.0,,,,Vintage
62,89,62,22.0,,,,,,,,,,,,,,,,,,,,,,,,,,,,,,,,,,,,,,,,,,,,,,,,,,,,,,,,,,,,,,,,,,,,,,,,,,,,,,,,,,,,,,,,,,,,,,,,,,,,,,,,,,,,,,,,,,,,,,,,,,,,,,,,,,,,,,,,,,,,,,,,,,,,,,,,1.0,,,,1.0,,,,,,,,,,,1.0,4.0,,,,,,,,,,,,,,,,,,,,8.0,,,,,,7.0,,,,,,,,,,,,,,,,,,,,,,,,,,,,,,,,,,3.0,,,,,,,,,,,,,,,,,,,,,,1.0,,,,,,,,,,,,,1.0,,,,,,,,,,,,,,,,,,,,1.0,,,,,,,,,,,1.0,1.0,,,,,,1.0,,,,,1.0,,,,,3.0,,,,,,,,,,,,,,,,,,,,,,,,,,,,,,,,,,,,,,,,,,,,,,,,,,,,,,,,,,,,1.0,,,,,,,,,1.0,,,,,,,,,,,,,,,,,,,,,,,,,,,,,1.0,,,,,,,,,,,,,,,,,,1.0,,,,1.0,,,,,,,,,,,4.0,,,,,,1.0,,,,,,1.0,1.0,,,,2.0,,,,,,,,,,,6.0,,,1.0,,,,,,,,,,,,11.0,,,,,,,,,,Vintage
55,88,55,16.0,,,,1.0,,,,,1.0,,,,,,,,,,,,,,,,,,,,,,,,,,,,,,,,,,,,,,,,,,,,,,,,,,,,,,,,,,,,,1.0,,1.0,,,,,,,,,,,,,,1.0,,,,,,,,,,,,,,,,,,,,,,,,,,,,,,,,,,,,,,,,,,,,,,,,,,,,,,,,,,,,,,,,,,,,,,,,,,,,,1.0,,,,,1.0,,,,3.0,,,,,,,,2.0,,,,3.0,,,,14.0,,,,,,5.0,,,,,,,,,,,,,,,,,,,,,,,,,,,,,,,,,1.0,1.0,,,,,,,,,,,,,,,,,,,,,,1.0,,,,1.0,,,,1.0,,,,,,,,,,,,,,,,,,,,,,,,,,,,,,,,,,,,,1.0,,,,,,,,,,,1.0,,,,,4.0,,,,,,,,,,,,,,,,,,,,,,,,,,,,,,,,,,,,,,,,,,,,,,,,,,,,,,,,,,,,,,,,1.0,,,,,1.0,,,,,,,,,,,,,,,,,,,,,,,,,,,,,,,,,,,,,,,,,,,,,,,1.0,,,,,,,,,,3.0,,,,1.0,1.0,,,,,,,,,,,,,,,,,,,,,,1.0,,1.0,,,,7.0,,,,,,,,,,,,,,,7.0,,1.0,,,,1.0,,,1.0,Vintage
51,84,51,14.0,,,,,,,,,1.0,,,,,,,,,,,,,,,,,,,,,,,,,,,,,,,,,,,,,,,,,,,,,,,,,,,,,,,,1.0,,,,,,,,,,,,,,,,,,,,,,,,,,,,,,,,,,,,,,,,,,,,,,,,,,,1.0,,,,,,,,,,,,,,,,,,1.0,,,,,,,,,,,,,,,1.0,,,,,,,,,,,,,,3.0,,,,,,,,,5.0,,,,,,,,2.0,,,,1.0,,,,17.0,,,,,,5.0,,,,,,,,,,,,,,,,,,,,,,,,,,,,,,,,,,1.0,,,,,,,,,,,,,,,,,,,,,,,,,,,,,,,,,,,,,,,,,,,,,,,,,,,,,,,,,,,,,2.0,,,,,,,,,,,,,,,,,2.0,,,,,,,,,,,,,,,,,,,,,,,,,,,,,,,,,,,,,,,,,,,,,,,,,,,,,,,,,,,,,,,,,,,,,,,,,,2.0,,,1.0,,,,,,,,,,,,,,,,,,,,,,,,,,,,,,,,,,,,,,,,,,1.0,,1.0,,,,,,,,,,2.0,,,,,5.0,,,,,,,,,,,,,3.0,,,,,,,,,,,,,,,5.0,,,,,,,,,,,,,,,6.0,,,,,,,,,1.0,Vintage
58,77,58,13.0,,,,,,,,,1.0,1.0,,,,,,,,,,,,,,,,,,,,,,,,,,,,,,,,,,,,,,,,,,,,,,,,,,,,,,,,,,,,2.0,,,,,,,,,,,,,,,,,,,,,,,,,,,,,,,,,,,,,,,,,,,,,,,,,,,,,,,,,,,,,,,,,,,,,,,,,,,,,,,,,,,,,1.0,,,,,,,,1.0,,,,,1.0,,,,3.0,,,,1.0,,,,1.0,,,,,,,,16.0,,,1.0,,,,,,,,,,,,,,,,,,,,,,,,,,,,,,,,,,,,,,,,,,,,,,,,,,,,,,,,,,,,,,,,,,,,,,,,,,,,,,,,,,,,,,,,,,,,,,,,,1.0,,,,,1.0,,,1.0,,,,,1.0,,,,1.0,2.0,,,,,,,,,,,,,,,,,,,,,,,,,,,,,,,,,,,,,,,,,,,,,,,,,,,,,,,,,,,,1.0,,,,,1.0,,,,,,,,,1.0,,,,,,,,,,,,,,,,,,,,,,,,,,,,,1.0,,,,,,,,,,,,,,,,1.0,,1.0,,,,,,,,,,,,,,,2.0,,,,,,,,,,,,,3.0,,,,3.0,,,,,,,,,,,3.0,,,1.0,,,,,,,,,,,1.0,8.0,,,,,,,,,1.0,Vintage
57,69,57,11.0,,,,,,,,,1.0,,,,,,,,,,,,,,,,,,,,,,,,,,,,,,,,,,,,,,,,,,,,,,,,,,,,,,,,,,,,,,,1.0,,,,,,,,,,,,,,,,,,,,,,,,,,,,,,,,,,,,,,,,,,,,,,,,,,,,,,,,,,,,,,,,,,,,,,,,,,,,,1.0,,,,,,,,,,,,,,1.0,,,,,1.0,,,,1.0,,,,,,,,,,,,1.0,,,,11.0,,,,,,6.0,,,,,,,,,,,,,,,,,,,,,,,,,,,,,,,,,1.0,,,,,,,,,,,,,,,,,,,,,,,,,,,,,,,,,,,,,,,,,,,,,,,,,,,,,,,,,,,,,,,,,,,,1.0,,,,,,3.0,1.0,,,,1.0,,,,,3.0,,,,,,,,,,,,,,,,,,,,,,,,,,,,,,,,,,,,,,,,,,,,,,,,,,,,,,,,,,,,,,,,,,,,,2.0,,,,,,,,,1.0,,,,,,,,,,,,,,,,,,,,,1.0,,,,,,1.0,,,,,,,,,,,,,,,1.0,,,,,,,,,,,3.0,,,,,,,,,,,,,1.0,,,,,,,,,,,,,,,7.0,,,,,,,,,,,,,,,7.0,,,,,,,,,,Vintage
56,54,56,6.0,,,,,,,,,2.0,,,,,,,,,,,,,,,,,,,,,,,,,,,,,,,,,,,,,,,,,,,,,,,,,,,,,,,,,,,,1.0,1.0,,,,,,,,,,,,,,,,,,,,,,,,,,,,,,,,,,,,,,,,,,,,,,,,,,,,,,,,,,,,,,,,,,,,,,,,,,,,,,,,,,,,,1.0,,,,,,,,,,,,,1.0,,,,2.0,,,,,,,,,,,,1.0,,,,9.0,,,,,,2.0,,,,,,,,,,,,,,,,,,,,,,,,,,,,,,,,,,,,,,,,,,,,,,,,,,,,,,,,,,,,,,,,,,,,,,,,,,,,,,,,,,,,,,,,,,,,,,,,,,,,,,,,1.0,,,,,,,,3.0,,,,,1.0,,,,,,,,,,,,,,,,,,,,,,,,,,,,,,,,,,1.0,,,,,,,,,,,,1.0,,,,,,,,,,,,,,,,,,,,,,,1.0,,,,,,1.0,,,,,,,,,,,,,,,,,,,,,,,,,,,,,,,,,,,,,,,,,,,,,,,1.0,,,,1.0,,,,,2.0,,,,,,,,,,,,,1.0,,,,1.0,,,,,,,,,,,5.0,,,1.0,,,,,,,,,,,,7.0,,,,,,,,,,Vintage
61,37,61,5.0,,,,,,,,,,,,,,,,,,,,,,,,,,,,,,,,,,,,,,,,,,,,,,,,,,,,,,,,,,,,,,,,,,,,,,,,,,,,,,,,,,,,,,,,,,,,,,,,,,,,,,,,,,,,,,,,,,,,,,,,,,,,,,,,,,,,,,,,,,,,,,,,,,,,,,,,,,,,,,,,,,,1.0,,,,,1.0,,,,4.0,,,,,,,,1.0,,,,,,,,5.0,,,,,,3.0,,,,,,,,,,,,,,,,,,,,,,,,,,,,,,,,,,,,,,,,,,,,,,,,,,,,,,,,,,,,,,,1.0,,,,,,,,,,,,,,,,,,,,,,,,,,,,,,,,,,,,,,,,,,,,1.0,,,,,1.0,,,,,2.0,,,,,,,,,,,,,,,,,,,,,,,,,,,,,,,,,,,,,,,,,,,,,,,,,,,,,,,,,,,,,,,,,,,,,,,,,,,,,,,,,,,,,,,,,,,,,,,,,,,,,,,,,,,,,,,,,,,,,,,,,,,,,,,,,,,2.0,,,,,,,,1.0,,,,,,,,,2.0,,,,,,,,,,,5.0,,,,,,,,,,,,,,,1.0,,,,,,,,,1.0,Vintage
59,33,59,6.0,,,,,,,,,,,,,,,,,,,,,,,,,,,,,,,,,,,,,,,,,,,,,,,,,,,,,,,,,,,,,,,,,,,,,,,,,,,,,,,,,,,,,,,,,,,,,,,,,,,,,,,,,,,,,,,,,,,,,,,,,,,,,,,,,,,,,,,,,,,,,,,,,,,,,,,,,,,,,,,,,,,,,,,1.0,,,,,1.0,,,,,,,,1.0,,,,,,,,5.0,,,,,,5.0,,,,,,,,,,,,,,,,,,,,,,,,,,,,,,,,,,,,,,,,,,,,,,,,,,,,,,,,,,,,,,,,,,,,,,,,,,,,,,,,,,,,,,,,,,,,,,,,,,,,,1.0,,,,,,,,,,,1.0,,,,,1.0,,,,,,,,,,,,1.0,,,,,,,,,,,,,,,,,,,,,,,,,,,,,,,,,,1.0,,,,,,,,,,,,,,,,,,,,,,,,,,,,,1.0,,,,,,,,,,,,,,,,,,,,,,,,,,,,,,,,,,,,,,,,,,,,,,,,,,,,,,,,1.0,,,,,,,,,,,,,,,,,1.0,,,,,,,1.0,,,,3.0,,,,,,,,,,,,,,,2.0,,,,,,,,,,Vintage
60,28,60,2.0,,,,,,,,,1.0,1.0,,,,,,,,,,,,,,,,,,,,,,,,,,,,,,,,,,,,,,,,,,,,,,,,,,,,,,,,,,,,,,,,,,,,,,,,,,,,,,,,,,,,,,,,,,,,,,,,,,,,,,,,,,,,,,,,,,,,,,,,,,,,,,,,,,,,,,,,,,,,,,,,,1.0,,,,,,,,,,,,1.0,1.0,,,,,,,,,,,,,,,,,,,,4.0,,,,,,2.0,,,,,,,,,,,,,,,,,,,,,,,,,,,,,,,,,,,,,,,,,,,,,,,,,,,,,,,,,,,,,,,,,,,,,,,,,,,,,,,,,,,,,,,,,,,,,,,,,,,,,,,,,,,1.0,,,,,,,,,,1.0,,,,,,,,,,,,,,,,,,,,,,,,,,,,,,,1.0,,,,,,,,,,,,,,,,,,,,,,,,,,,,,,,,,1.0,,,,,,,,,,,,,,,,,,,,,,,,,,,,,,,,,,,,,,,,,,,,,,,,,,1.0,,,,,,,,,,,,,,,,,,,,,,,,,,,,,,1.0,,,,,,,,,,,,,,,4.0,,,,,,,,,,,,,,,5.0,,,,,,,,,,Vintage
63,17,63,3.0,,,,,,,,,,,,,,,,,,,,,,,,,,,,,,,,,,,,,,,,,,,,,,,,,,,,,,,,,,,,,,,,,,,,,,,,,,,,,,,,,,,,,,,,,,,,,,,,,,,,,,,,,,,,,,,,,,,,,,,,,,,,,,,,,,,,,,,,,,,,,,,,,,,,,,,,,,,,,,,,,,,1.0,,,,,,,,,1.0,,,,,,,,,,,,,,,,1.0,,,,,,,,,,,,,,,,,,,,,,,,,,,,,,,,,,,,,,,,,,,,,,,,,,,,,,,,,,,,,,,,,,,,,,,,,,,,,,,,,,,,,,,,,,,,,,,,,,,,1.0,,,,,,,,,,,,,,,,,,,,,,,1.0,,,,,,,,,1.0,,,,,,,,,,,,,,,,,,,,,,,,,,,,,,,,,,,,,,,,,,,,,,,,,,,,,,,,,,,,,,,,,,,,,,,,,,,,,,,,,,,,,,,,,,,,,,,,,,,,,,,,,1.0,,,,,,1.0,,,,,,,,,,,,,,,,,,,,,,,,,,,,,,,,,,,,,,,1.0,,,1.0,,,,,,,,,,,,4.0,,,,,,,,,,Vintage
8,9,8,8.0,,,,,,,,,,,,,,,,,,,,,,,,,,,,,,,,,,,,,,,,,,,,,,,,,,,,,,,,,,,,,,,,,,,,,,,,,,,,,,,,,,,,,,,,,,,,,,,,,,,,,,,,,,,,,,,,,,,,,,,,,,,,,,,,,,,,,,,,,,,,,,,,,,,,,,,,,,,,,,,,,,,,,,,,,,,,1.0,,,,,,,,,,,,,,,,,,,,,,,,,,,,,,,,,,,,,,,,,,,,,,,,,,,,,,,,,,,,,,,,,,,,,,,,,,,,,,,,,,,,,,,,,,,,,,,,,,,,,,,,,,,,,,,,,,,,,,,,,,,,,,,,,,,,,,,,,,,,,,,,,,,,,,,,,,,,,,,,,,,,,,,,,,,,,,,,,,,,,,,,,,,,,,,,,,,,,,,,,,,,,,,,,,,,,,,,,,,,,,,,,,,,,,,,,,,,,,,,,,,,,,,,,,,,,,,,,,,,,,,,,,,,,,,,,,,,,,,,,,,,,,,,,,,,,,,,,,,,,,,,,,,,,,,,,,,,,,,,,,,Vintage
64,9,64,2.0,,,,,,,,,,,,,,,,,,,,,,,,,,,,,,,,,,,,,,,,,,,,,,,,,,,,,,,,,,,,,1.0,,,,,,,,,,,,,,,,,,,,,,,,,,,,,,,,,,,,,,,,,,,,,,,,,,,,,,,,,,,,,,,,,,,,,,,,,,,,,,,,,,,,,,,,,,,,,,,,,,,,,,,,,,,,,,,,,,,,,,,,,,,,,,,1.0,,,,,,,,,,,,,,,,,,,,,,,,,,,,,,,,,,,,,,,,,,,,,,,,,,,,,,,,,,,,,,,,,,,,,,,,,,,,,,,,,,,,,,,,,,,,,,,,,,,,,,,,,,,,,,,,,,,,,,,,,,,,,,,,,,,,,,,,,,,,,,,,,,,,,,,,,,,,,,,,,,,,,,,,,,,,,,,,,,,,,,,,,,,,,,,,,,,,,,,,,,,,,,,,,,,,,,,,,,,,,,,,,,,,,,,,,,,,,,,,,,,,,,,,,,,,,,1.0,,,,,,,,,,,,,1.0,,,,,,,,,,,,,,,1.0,,,,,,,,,,,,1.0,,,1.0,,,,,,,,,,Vintage
7,8,7,5.0,,,,,,,,,,,,,,,,,,,,,,,,,,,,,,,,,,,,,,,,,,,,,,,,,,,,,,,,,,,,,,,,,,,,,,,,,,,,,,,,,,,,,,,,,,,,,,,,,,,,,,,,,,,,,,,,,,,,,,,,,,,,,,,,,,,,,,,,,,,,,,,,,,,,,,,,,,,,,,,,,,,,,,,,,,,,,,,,,,,,,,,,,,,,,,,,,,,,,,,,,,,,,,,,,,,,,,,,,,,,,,,,,,,,,,,,,,,,,,,,,,,,,,,,,,,,,,,,,,,,,,,,,,,,,,,,,,,,,,,,,,,,,,,,,,,,,,,,,,,,,,,,,,,,,,,,,,,,,,,,,,,,,,,,,,,,,,,,,,,,,,,,,,,,,,,,,,,,,,,,,,,,,,,,,,,,,,,,,,,,1.0,,,,,,,,,,,,,,,,,,,,,,,,,,,,,,,,,,,,,,,,,,,,,,,,,,,,,,,,,,,,,,1.0,,,,,,,,,,,,,,,,,1.0,,,,,,,,,,,,,,,,,,,,,,,,,,,,,,,,,,,,Vintage
6,6,6,5.0,,,,,,,,,,,,,,,,,,,,,,,,,,,,,,,,,,,,,,,,,,,,,,,,,,,,,,,,,,,,,,,,,,,,,,,,,,,,,,,,,,,,,,,,,,,,,,,,,,,,,,,,,,,,,,,,,,,,,,,,,,,,,,,,,,,,,,,,,,,,,,,,,,,,,,,,,,,,,,,,,,,,,,,,,,,,,,,,,,,,,,,,,,,,,,,,,,,,,,,,,,,,,,,,,,,,,,,,,,,,,,,,,,,,,,,,,,,,,,,,,,,,,,,,,,,,,,,,,,,,,,,,,,,,,,,,,,,,,,,,,,,,,,,,,,,,,,,,,,,,,,,,,,,,,,,,,,,,,,,,,,,,,,,,,,,,,,,,,,,,,,,,,,,,,,,,,,,,,,,,,,,,,,,,,,,,,,,,,,,,,,,,,,,,,,,,,,,,,,,,,,,,,,,,,,,,,,,,,,,,,,,,,,,,,,,,,,,,,,,,,,1.0,,,,,,,,,,,,,,,,,,,,,,,,,,,,,,,,,,,,,,,,,,,,,,,,,,,,,Vintage
4,5,4,4.0,,,,,,,,,,,,,,,,,,,,,,,,,,,,,,,,,,,,,,,,,,,,,,,,,,,,,,,,,,,,,,,,,,,,,,,,,,,,,,,,,,,,,,,,,,,,,,,,,,,,,,,,,,,,,,,,,,,,,,,,,,,,,,,,,,,,,,,,,,,,,,,,,,,,,,,,,,,,,,,,,,,,,,,,,,,,,,,,,,,,,,,,,,,,,,,,,,,,,,,,,,,,,,,,,,,,,,,,,,,,,,,,,,,,,,,,,,,,,,,,,,,,,,,,,,,,,,,,,,,,,,,,,,,,,,,,,,,,,,,,,,,,,,,,,,,,,,,,,,,,,,,,,,,,,,,,,,,,,,,,,,,,,,,,,,,,,,,,,,,,,,,,,,,,,,,,,,,,,,,,,,,,,,,,,,,,,,,,,,,,,,,,,,,,,,,,,,,,,,,,,,,,,,,,,,,,,,,,,,,,,,,,,,,,,,,,,,,,,,,,,,,,,,,,,,,,,,,,,,,1.0,,,,,,,,,,,,,,,,,,,,,,,,,,,,,,,,,,,,Vintage
3,4,3,2.0,,,,,,,,,,,,,,,,,,,,,,,,,,,,,,,,,,,,,,,,,,,,,,,,,,,,,,,,,,,,,,,,,,,,,,,,,,,,,,,,,,,,,,,,,,,,,,,,,,,,,,,,,,,,,,,,,,,,,,,,,,,,,,,,,,,,,,,,,,,,,,,,,,,,,,,,,,,,,,,,,,,,,,,,,,,1.0,,,,,,,,,,,,,,,,,,,,,,,,,,,,,,,,,,,,,,,,,,,,,,,,,,,,,,,,,,,,,,,,,,,,,,,,,,,,,,,,,,,,,,,,,,,,,,,,,,,,,,,,,,,,,,,,,,,,,,,,,,,,,,,,,,,,,,,,,,,,,,,,,,,,,,,,,,,,,,,,,,,,,,,,,,,,,,,,,,,,,,,,,,,,,,,,,,,,,,,,,,,,,,,,,,,,,,,,,,,,,,,,,,,,,,,,,,,,,,,,,,,,,,,,,,,,,,,,,,,,,,,,,,,,,,,1.0,,,,,,,,,,,,,,,,,,,,,,,,,,,,,,,,,,,,,,,,,,,,,,,,,,,,,Vintage
5,2,5,1.0,,,,,,,,,,,,,,,,,,,,,,,,,,,,,,,,,,,,,,,,,,,,,,,,,,,,,,,,,,,,,,,,,,,,,,,,,,,,,,,,,,,,,,,,,,,,,,,,,,,,,,,,,,,,,,,,,,,,,,,,,,,,,,,,,,,,,,,,,,,,,,,,,,,,,,,,,,,,,,,,,,,,,,,,,,,,,,,,,,,,,,,,,,,,,,,,,,,,,,,,,,,,,,,,,,,,,,,,,,,,,,,,,,,,,,,,,,,,,,,,,,,,,,,,,,,,,,,,,,,,,,,,,,,,,,,,,,,,,,,,,,,,,,,,,,,,,,,,,,,,,,,,,,,,,,,,,,,,,,,,,,,,,,,,,,,,,,,,,,,,,,,,,,,,,,,,,,,,,,,,,,,,,,,,,,,,,,,,,,,,,,,,,,,,,,,,,,,,,,,,,,,,,,,,,,,,,,,,,,,,,,,,,,,,,,,,,,,,,,,,,,1.0,,,,,,,,,,,,,,,,,,,,,,,,,,,,,,,,,,,,,,,,,,,,,,,,,,,,,Vintage
2,1,2,1.0,,,,,,,,,,,,,,,,,,,,,,,,,,,,,,,,,,,,,,,,,,,,,,,,,,,,,,,,,,,,,,,,,,,,,,,,,,,,,,,,,,,,,,,,,,,,,,,,,,,,,,,,,,,,,,,,,,,,,,,,,,,,,,,,,,,,,,,,,,,,,,,,,,,,,,,,,,,,,,,,,,,,,,,,,,,,,,,,,,,,,,,,,,,,,,,,,,,,,,,,,,,,,,,,,,,,,,,,,,,,,,,,,,,,,,,,,,,,,,,,,,,,,,,,,,,,,,,,,,,,,,,,,,,,,,,,,,,,,,,,,,,,,,,,,,,,,,,,,,,,,,,,,,,,,,,,,,,,,,,,,,,,,,,,,,,,,,,,,,,,,,,,,,,,,,,,,,,,,,,,,,,,,,,,,,,,,,,,,,,,,,,,,,,,,,,,,,,,,,,,,,,,,,,,,,,,,,,,,,,,,,,,,,,,,,,,,,,,,,,,,,,,,,,,,,,,,,,,,,,,,,,,,,,,,,,,,,,,,,,,,,,,,,,,,,,,,,,Vintage
65,1,65,,,,,,,,,,,,,,,,,,,,,,,,,,,,,,,,,,,,,,,,,,,,,,,,,,,,,,,,,,,,,,,,,,,,,,,,,,,,,,,,,,,,,,,,,,,,,,,,,,,,,,,,,,,,,,,,,,,,,,,,,,,,,,,,,,,,,,,,,,,,,,,,,,,,,,,,,,,,,,,,,,,,,,,,,,,,,,,,,,,,,,,,,,,,,,,,,,,,,,,,,,,,,,,,,,,,,,,,,,,,,,,,,,,,,,,,,,,,,,,,,,,,,,,,,,,,,,,,,,,,,,,,,,,,,,,,,,,,,,,,,,,,,,,,,,,,,,,,,,,,,,,,,,,,,,,,,,,,,,,,,,,,,,,,,,,,,,,,,,,,,,,,,,,,,,,,,,,,,,,,,,,,,,,,,,,,,,,,,,,,,,,,,,,,,,,,,,,,,,,,,,,,,,,,,,,,,,,,,,,,,,,,,,,,,,,,,,,,,,,,,,,,,,,,,,,,,,,,,,,,,,,,,,,,,,,,,,,,,,,,,,,,,,1.0,,,,,,,,,,Vintage
